threshold,far,frr,abs_far_frr_delta
0.0,1.0,0.0,1.0
0.001,0.15545098039215685,0.003676470588235294,0.15177450980392157
0.002,0.11987254901960784,0.005147058823529412,0.11472549019607843
0.003,0.10158333333333333,0.006617647058823529,0.0949656862745098
0.004,0.08904411764705883,0.007352941176470588,0.08169117647058824
0.005,0.0800392156862745,0.008088235294117648,0.07195098039215686
0.006,0.07332843137254902,0.009068627450980393,0.06425980392156863
0.007,0.06777450980392156,0.009313725490196078,0.058460784313725485
0.008,0.06311764705882353,0.011029411764705883,0.052088235294117644
0.009000000000000001,0.059294117647058824,0.011764705882352941,0.04752941176470588
0.01,0.055848039215686276,0.012254901960784314,0.043593137254901965
0.011,0.052784313725490195,0.0125,0.0402843137254902
0.012,0.05022549019607843,0.013480392156862746,0.03674509803921568
0.013000000000000001,0.04799019607843137,0.013480392156862746,0.034509803921568626
0.014,0.04603921568627451,0.014705882352941176,0.03133333333333334
0.015,0.04438235294117647,0.015931372549019607,0.028450980392156863
0.016,0.04273529411764706,0.01642156862745098,0.026313725490196078
0.017,0.0412843137254902,0.017401960784313726,0.023882352941176473
0.018000000000000002,0.03973039215686275,0.017401960784313726,0.022328431372549022
0.019,0.038348039215686275,0.018137254901960786,0.02021078431372549
0.02,0.03730392156862745,0.018627450980392157,0.01867647058823529
0.021,0.03611764705882353,0.018872549019607842,0.01724509803921569
0.022,0.034970588235294114,0.0196078431372549,0.015362745098039213
0.023,0.033946078431372546,0.020588235294117647,0.0133578431372549
0.024,0.03298039215686274,0.020833333333333332,0.01214705882352941
0.025,0.032049019607843135,0.021323529411764706,0.010725490196078429
0.026000000000000002,0.031210784313725492,0.022058823529411766,0.009151960784313726
0.027,0.030495098039215688,0.02230392156862745,0.008191176470588236
0.028,0.02976470588235294,0.02303921568627451,0.0067254901960784284
0.029,0.029014705882352942,0.023284313725490197,0.005730392156862746
0.03,0.028362745098039217,0.023774509803921567,0.00458823529411765
0.031,0.027769607843137256,0.024509803921568627,0.003259803921568629
0.032,0.02717156862745098,0.025,0.002171568627450979
0.033,0.02667156862745098,0.025245098039215687,0.001426470588235293
0.034,0.026112745098039215,0.025735294117647058,0.00037745098039215774
0.035,0.025607843137254904,0.026470588235294117,0.0008627450980392137
0.036000000000000004,0.025029411764705883,0.027696078431372548,0.0026666666666666644
0.037,0.02453921568627451,0.027941176470588237,0.0034019607843137276
0.038,0.02405392156862745,0.028431372549019607,0.004377450980392158
0.039,0.023607843137254902,0.02892156862745098,0.00531372549019608
0.04,0.023151960784313724,0.02892156862745098,0.0057696078431372574
0.041,0.022661764705882353,0.029411764705882353,0.006749999999999999
0.042,0.022176470588235294,0.029901960784313727,0.007725490196078433
0.043000000000000003,0.02185294117647059,0.030392156862745098,0.008539215686274509
0.044,0.021534313725490195,0.030637254901960783,0.009102941176470588
0.045,0.021088235294117647,0.030637254901960783,0.009549019607843136
0.046,0.020691176470588234,0.030637254901960783,0.00994607843137255
0.047,0.02028921568627451,0.030882352941176472,0.010593137254901963
0.048,0.02001470588235294,0.031862745098039214,0.011848039215686272
0.049,0.019700980392156862,0.03259803921568628,0.012897058823529414
0.05,0.01942156862745098,0.03308823529411765,0.013666666666666667
0.051000000000000004,0.019112745098039216,0.033823529411764704,0.014710784313725488
0.052000000000000005,0.018877450980392157,0.03455882352941177,0.01568137254901961
0.053,0.01861764705882353,0.03480392156862745,0.016186274509803922
0.054,0.018308823529411766,0.03504901960784314,0.01674019607843137
0.055,0.018044117647058825,0.03529411764705882,0.017249999999999998
0.056,0.017740196078431372,0.035784313725490194,0.01804411764705882
0.057,0.017519607843137254,0.03627450980392157,0.018754901960784318
0.058,0.017269607843137254,0.03627450980392157,0.019004901960784318
0.059000000000000004,0.017083333333333332,0.03651960784313726,0.019436274509803925
0.06,0.016838235294117647,0.03676470588235294,0.019926470588235295
0.061,0.016573529411764706,0.03676470588235294,0.020191176470588237
0.062,0.016352941176470587,0.03700980392156863,0.02065686274509804
0.063,0.01613235294117647,0.03700980392156863,0.02087745098039216
0.064,0.0158921568627451,0.0375,0.0216078431372549
0.065,0.01571078431372549,0.03799019607843137,0.02227941176470588
0.066,0.015534313725490197,0.03897058823529412,0.02343627450980392
0.067,0.015377450980392157,0.03995098039215686,0.024573529411764702
0.068,0.015235294117647059,0.04019607843137255,0.024960784313725493
0.069,0.015098039215686275,0.04044117647058824,0.025343137254901962
0.07,0.014892156862745098,0.04068627450980392,0.025794117647058825
0.07100000000000001,0.014720588235294117,0.04093137254901961,0.02621078431372549
0.07200000000000001,0.014534313725490196,0.041666666666666664,0.02713235294117647
0.073,0.014348039215686274,0.04215686274509804,0.027808823529411768
0.074,0.014191176470588235,0.04264705882352941,0.028455882352941178
0.075,0.01403921568627451,0.0428921568627451,0.028852941176470588
0.076,0.01390686274509804,0.043627450980392155,0.029720588235294117
0.077,0.013759803921568628,0.04436274509803922,0.03060294117647059
0.078,0.013602941176470588,0.0446078431372549,0.031004901960784315
0.079,0.013455882352941177,0.045098039215686274,0.031642156862745095
0.08,0.013279411764705882,0.045588235294117645,0.032308823529411765
0.081,0.013181372549019608,0.045588235294117645,0.03240686274509803
0.082,0.013044117647058824,0.04632352941176471,0.033279411764705884
0.083,0.012887254901960785,0.04681372549019608,0.033926470588235294
0.084,0.012799019607843137,0.04681372549019608,0.03401470588235294
0.085,0.012651960784313725,0.047058823529411764,0.034406862745098035
0.08600000000000001,0.012519607843137255,0.04730392156862745,0.03478431372549019
0.08700000000000001,0.012377450980392156,0.047549019607843135,0.03517156862745098
0.088,0.012254901960784314,0.04779411764705882,0.03553921568627451
0.089,0.012044117647058823,0.04877450980392157,0.036730392156862746
0.09,0.01192156862745098,0.04926470588235294,0.03734313725490196
0.091,0.01178921568627451,0.049509803921568625,0.03772058823529412
0.092,0.011691176470588236,0.04975490196078431,0.03806372549019607
0.093,0.011573529411764706,0.05024509803921569,0.03867156862745098
0.094,0.011431372549019608,0.050490196078431374,0.039058823529411764
0.095,0.011308823529411765,0.05073529411764706,0.03942647058823529
0.096,0.011196078431372549,0.05122549019607843,0.04002941176470588
0.097,0.01109313725490196,0.0517156862745098,0.04062254901960784
0.098,0.010970588235294117,0.05196078431372549,0.04099019607843138
0.099,0.010872549019607844,0.05196078431372549,0.04108823529411765
0.1,0.010754901960784314,0.05220588235294118,0.04145098039215686
0.101,0.010666666666666666,0.05269607843137255,0.042029411764705885
0.10200000000000001,0.010593137254901961,0.052941176470588235,0.04234803921568627
0.10300000000000001,0.010514705882352942,0.05318627450980392,0.04267156862745098
0.10400000000000001,0.010411764705882353,0.05392156862745098,0.04350980392156863
0.105,0.010308823529411764,0.05416666666666667,0.0438578431372549
0.106,0.01021078431372549,0.05465686274509804,0.04444607843137255
0.107,0.010088235294117648,0.054901960784313725,0.04481372549019608
0.108,0.009990196078431372,0.055392156862745096,0.04540196078431372
0.109,0.009901960784313725,0.05612745098039216,0.04622549019607843
0.11,0.009794117647058823,0.05612745098039216,0.04633333333333334
0.111,0.009720588235294118,0.05661764705882353,0.04689705882352941
0.112,0.009612745098039216,0.05661764705882353,0.047004901960784315
0.113,0.009504901960784315,0.05661764705882353,0.04711274509803921
0.114,0.009450980392156862,0.056862745098039215,0.047411764705882355
0.115,0.00936764705882353,0.056862745098039215,0.047495098039215686
0.116,0.009323529411764706,0.0571078431372549,0.04778431372549019
0.117,0.00922549019607843,0.05784313725490196,0.04861764705882353
0.11800000000000001,0.009151960784313726,0.05808823529411765,0.04893627450980392
0.11900000000000001,0.009088235294117647,0.05857843137254902,0.04949019607843137
0.12,0.009019607843137255,0.05857843137254902,0.049558823529411766
0.121,0.008926470588235294,0.05906862745098039,0.0501421568627451
0.122,0.008882352941176471,0.06004901960784314,0.051166666666666666
0.123,0.008833333333333334,0.06053921568627451,0.05170588235294118
0.124,0.008769607843137255,0.061274509803921566,0.05250490196078431
0.125,0.008686274509803922,0.061764705882352944,0.05307843137254902
0.126,0.008602941176470588,0.06274509803921569,0.054142156862745094
0.127,0.008519607843137255,0.06299019607843137,0.05447058823529412
0.128,0.008475490196078432,0.06323529411764706,0.05475980392156862
0.129,0.008450980392156863,0.06372549019607843,0.05527450980392157
0.13,0.008382352941176471,0.06372549019607843,0.055343137254901954
0.131,0.008284313725490195,0.0642156862745098,0.0559313725490196
0.132,0.008220588235294118,0.0642156862745098,0.05599509803921568
0.133,0.008181372549019609,0.06470588235294118,0.056524509803921576
0.134,0.00813235294117647,0.06470588235294118,0.05657352941176471
0.135,0.008098039215686274,0.06544117647058824,0.05734313725490196
0.136,0.008044117647058823,0.06544117647058824,0.05739705882352941
0.137,0.007965686274509803,0.06568627450980392,0.05772058823529412
0.138,0.007931372549019608,0.06642156862745098,0.058490196078431374
0.139,0.007862745098039216,0.06666666666666667,0.058803921568627446
0.14,0.007803921568627451,0.06666666666666667,0.05886274509803922
0.14100000000000001,0.007715686274509804,0.06666666666666667,0.05895098039215686
0.14200000000000002,0.00767156862745098,0.06715686274509804,0.05948529411764705
0.14300000000000002,0.007617647058823529,0.06764705882352941,0.06002941176470588
0.14400000000000002,0.0075441176470588235,0.06813725490196078,0.06059313725490195
0.145,0.007480392156862745,0.06862745098039216,0.061147058823529415
0.146,0.007406862745098039,0.06911764705882353,0.061710784313725495
0.147,0.007348039215686274,0.06936274509803922,0.062014705882352944
0.148,0.007279411764705882,0.0696078431372549,0.06232843137254902
0.149,0.007245098039215686,0.06985294117647059,0.0626078431372549
0.15,0.007196078431372549,0.06985294117647059,0.06265686274509805
0.151,0.007142156862745098,0.07009803921568628,0.06295588235294118
0.152,0.00707843137254902,0.07107843137254902,0.064
0.153,0.007014705882352941,0.0713235294117647,0.06430882352941177
0.154,0.006965686274509804,0.0713235294117647,0.0643578431372549
0.155,0.006911764705882353,0.0713235294117647,0.06441176470588235
0.156,0.006862745098039216,0.07156862745098039,0.06470588235294117
0.157,0.006813725490196079,0.07156862745098039,0.0647549019607843
0.158,0.006774509803921569,0.07205882352941176,0.06528431372549019
0.159,0.006700980392156863,0.07254901960784314,0.06584803921568629
0.16,0.006661764705882353,0.07279411764705883,0.06613235294117648
0.161,0.00663235294117647,0.0732843137254902,0.06665196078431374
0.162,0.006607843137254902,0.07352941176470588,0.06692156862745098
0.163,0.0065784313725490194,0.07377450980392157,0.06719607843137256
0.164,0.006509803921568628,0.07426470588235294,0.06775490196078432
0.165,0.006470588235294118,0.07450980392156863,0.06803921568627451
0.166,0.006426470588235294,0.07475490196078431,0.06832843137254901
0.167,0.006392156862745098,0.075,0.0686078431372549
0.168,0.006352941176470588,0.075,0.06864705882352941
0.169,0.006303921568627451,0.07524509803921568,0.06894117647058823
0.17,0.006279411764705882,0.07524509803921568,0.0689656862745098
0.171,0.0062352941176470585,0.07524509803921568,0.06900980392156862
0.17200000000000001,0.006181372549019608,0.07524509803921568,0.06906372549019607
0.17300000000000001,0.006142156862745098,0.07573529411764705,0.06959313725490196
0.17400000000000002,0.006088235294117647,0.07598039215686274,0.0698921568627451
0.17500000000000002,0.006053921568627451,0.07622549019607844,0.07017156862745098
0.176,0.006019607843137255,0.07622549019607844,0.07020588235294119
0.177,0.005970588235294117,0.07647058823529412,0.07050000000000001
0.178,0.005931372549019607,0.07671568627450981,0.0707843137254902
0.179,0.0058970588235294115,0.0769607843137255,0.07106372549019609
0.18,0.005862745098039216,0.07720588235294118,0.07134313725490196
0.181,0.005823529411764706,0.07769607843137255,0.07187254901960785
0.182,0.005774509803921569,0.07818627450980392,0.07241176470588236
0.183,0.005745098039215686,0.07818627450980392,0.07244117647058823
0.184,0.005691176470588235,0.07867647058823529,0.07298529411764705
0.185,0.005642156862745098,0.07867647058823529,0.0730343137254902
0.186,0.005612745098039215,0.07916666666666666,0.07355392156862745
0.187,0.00559313725490196,0.07941176470588235,0.07381862745098039
0.188,0.0055588235294117645,0.07990196078431372,0.07434313725490195
0.189,0.0055147058823529415,0.0803921568627451,0.07487745098039217
0.19,0.005490196078431373,0.08063725490196079,0.07514705882352941
0.191,0.005450980392156863,0.08161764705882353,0.07616666666666667
0.192,0.005411764705882353,0.08186274509803922,0.07645098039215686
0.193,0.005362745098039216,0.0821078431372549,0.07674509803921568
0.194,0.005328431372549019,0.08259803921568627,0.07726960784313726
0.195,0.005284313725490196,0.08284313725490196,0.07755882352941176
0.196,0.005274509803921568,0.08308823529411764,0.07781372549019608
0.197,0.005240196078431372,0.08357843137254901,0.07833823529411764
0.198,0.0052205882352941175,0.0838235294117647,0.07860294117647058
0.199,0.0051862745098039216,0.0840686274509804,0.07888235294117647
0.2,0.005147058823529412,0.0840686274509804,0.07892156862745099
0.201,0.005122549019607843,0.08431372549019608,0.07919117647058824
0.202,0.005102941176470588,0.08480392156862746,0.07970098039215687
0.203,0.005088235294117647,0.08504901960784314,0.0799607843137255
0.20400000000000001,0.005063725490196079,0.08504901960784314,0.07998529411764706
0.20500000000000002,0.005019607843137255,0.08627450980392157,0.08125490196078432
0.20600000000000002,0.004990196078431372,0.08676470588235294,0.08177450980392156
0.20700000000000002,0.004980392156862745,0.08725490196078431,0.08227450980392156
0.20800000000000002,0.00496078431372549,0.08774509803921568,0.0827843137254902
0.209,0.004941176470588235,0.08774509803921568,0.08280392156862744
0.21,0.0048872549019607844,0.08823529411764706,0.08334803921568629
0.211,0.0048676470588235295,0.08872549019607844,0.0838578431372549
0.212,0.004843137254901961,0.08872549019607844,0.08388235294117648
0.213,0.004794117647058824,0.08897058823529412,0.0841764705882353
0.214,0.004784313725490196,0.08897058823529412,0.08418627450980393
0.215,0.004754901960784314,0.08970588235294118,0.08495098039215686
0.216,0.004740196078431373,0.08995098039215686,0.08521078431372549
0.217,0.00471078431372549,0.09044117647058823,0.08573039215686275
0.218,0.004691176470588235,0.09068627450980392,0.08599509803921568
0.219,0.004656862745098039,0.0909313725490196,0.08627450980392157
0.22,0.004642156862745098,0.09117647058823529,0.0865343137254902
0.221,0.004598039215686274,0.09117647058823529,0.08657843137254902
0.222,0.004568627450980392,0.09142156862745097,0.08685294117647058
0.223,0.0045392156862745095,0.09142156862745097,0.08688235294117647
0.224,0.0045245098039215685,0.09191176470588236,0.0873872549019608
0.225,0.004495098039215687,0.09215686274509804,0.08766176470588236
0.226,0.004470588235294118,0.09240196078431373,0.08793137254901962
0.227,0.00446078431372549,0.09240196078431373,0.08794117647058824
0.228,0.004436274509803922,0.0928921568627451,0.08845588235294118
0.229,0.004401960784313726,0.09313725490196079,0.08873529411764706
0.23,0.004382352941176471,0.09338235294117647,0.089
0.231,0.004362745098039216,0.09362745098039216,0.08926470588235294
0.232,0.004333333333333333,0.09387254901960784,0.08953921568627451
0.233,0.004308823529411765,0.09436274509803921,0.09005392156862745
0.234,0.004279411764705882,0.09509803921568627,0.09081862745098039
0.23500000000000001,0.004259803921568627,0.09558823529411764,0.09132843137254901
0.23600000000000002,0.004225490196078431,0.09583333333333334,0.09160784313725491
0.23700000000000002,0.0041862745098039215,0.09607843137254903,0.0918921568627451
0.23800000000000002,0.004142156862745098,0.0965686274509804,0.0924264705882353
0.23900000000000002,0.004112745098039216,0.09681372549019608,0.09270098039215686
0.24,0.004088235294117647,0.09779411764705882,0.09370588235294118
0.241,0.004068627450980392,0.09779411764705882,0.09372549019607843
0.242,0.004044117647058824,0.09779411764705882,0.09375
0.243,0.00403921568627451,0.09779411764705882,0.09375490196078431
0.244,0.004024509803921569,0.09779411764705882,0.09376960784313726
0.245,0.003990196078431372,0.09803921568627451,0.09404901960784313
0.246,0.003970588235294117,0.09852941176470588,0.09455882352941176
0.247,0.003931372549019608,0.09877450980392156,0.09484313725490195
0.248,0.003931372549019608,0.09926470588235294,0.09533333333333333
0.249,0.00392156862745098,0.09975490196078432,0.09583333333333334
0.25,0.003906862745098039,0.1,0.09609313725490197
0.251,0.003872549019607843,0.1,0.09612745098039216
0.252,0.0038676470588235295,0.1,0.09613235294117647
0.253,0.003852941176470588,0.1,0.09614705882352942
0.254,0.0038431372549019606,0.10049019607843138,0.09664705882352942
0.255,0.003833333333333333,0.10049019607843138,0.09665686274509805
0.256,0.0038137254901960786,0.10098039215686275,0.09716666666666667
0.257,0.0037941176470588237,0.10147058823529412,0.0976764705882353
0.258,0.0037794117647058823,0.10196078431372549,0.09818137254901961
0.259,0.003769607843137255,0.10245098039215686,0.09868137254901961
0.26,0.003735294117647059,0.10245098039215686,0.0987156862745098
0.261,0.0037254901960784314,0.10269607843137254,0.09897058823529412
0.262,0.0036911764705882355,0.10269607843137254,0.0990049019607843
0.263,0.0036715686274509805,0.10294117647058823,0.09926960784313725
0.264,0.0036519607843137256,0.10294117647058823,0.09928921568627451
0.265,0.003642156862745098,0.10294117647058823,0.09929901960784313
0.266,0.0036274509803921567,0.1036764705882353,0.10004901960784314
0.267,0.0036176470588235293,0.10392156862745099,0.10030392156862745
0.268,0.003607843137254902,0.10392156862745099,0.10031372549019608
0.269,0.0036029411764705883,0.10392156862745099,0.1003186274509804
0.27,0.003588235294117647,0.10416666666666667,0.10057843137254903
0.271,0.0035686274509803924,0.10416666666666667,0.10059803921568627
0.272,0.00353921568627451,0.10441176470588236,0.10087254901960785
0.273,0.003514705882352941,0.1053921568627451,0.10187745098039215
0.274,0.0034901960784313726,0.10563725490196078,0.10214705882352941
0.275,0.0034656862745098037,0.10661764705882353,0.10315196078431373
0.276,0.003446078431372549,0.10661764705882353,0.10317156862745097
0.277,0.0034264705882352943,0.10686274509803921,0.10343627450980392
0.278,0.0034068627450980393,0.10686274509803921,0.10345588235294118
0.279,0.0033627450980392155,0.10686274509803921,0.1035
0.28,0.003338235294117647,0.10759803921568628,0.10425980392156864
0.281,0.0033333333333333335,0.10833333333333334,0.10500000000000001
0.28200000000000003,0.003303921568627451,0.10857843137254902,0.10527450980392157
0.28300000000000003,0.0032892156862745097,0.10955882352941176,0.10626960784313726
0.28400000000000003,0.0032647058823529413,0.10980392156862745,0.1065392156862745
0.28500000000000003,0.00325,0.11004901960784313,0.10679901960784313
0.28600000000000003,0.0032254901960784314,0.11029411764705882,0.10706862745098039
0.28700000000000003,0.0032107843137254904,0.11029411764705882,0.10708333333333334
0.28800000000000003,0.0031862745098039215,0.1105392156862745,0.10735294117647058
0.289,0.0031862745098039215,0.1105392156862745,0.10735294117647058
0.29,0.0031519607843137256,0.11102941176470588,0.10787745098039216
0.291,0.0031274509803921567,0.11127450980392156,0.1081470588235294
0.292,0.0031078431372549018,0.11200980392156863,0.10890196078431373
0.293,0.003088235294117647,0.11274509803921569,0.10965686274509805
0.294,0.003073529411764706,0.11274509803921569,0.10967156862745098
0.295,0.003053921568627451,0.11274509803921569,0.10969117647058824
0.296,0.0030441176470588235,0.11299019607843137,0.10994607843137255
0.297,0.00303921568627451,0.11348039215686274,0.11044117647058824
0.298,0.003014705882352941,0.11372549019607843,0.11071078431372548
0.299,0.0030098039215686275,0.11372549019607843,0.1107156862745098
0.3,0.0029852941176470586,0.1142156862745098,0.11123039215686274
0.301,0.0029656862745098037,0.1142156862745098,0.11125
0.302,0.0029411764705882353,0.11470588235294117,0.11176470588235293
0.303,0.0029215686274509803,0.11519607843137254,0.11227450980392156
0.304,0.0029068627450980393,0.1161764705882353,0.11326960784313726
0.305,0.002892156862745098,0.1161764705882353,0.1132843137254902
0.306,0.0028872549019607844,0.11642156862745098,0.1135343137254902
0.307,0.002872549019607843,0.11715686274509804,0.1142843137254902
0.308,0.002872549019607843,0.11715686274509804,0.1142843137254902
0.309,0.0028480392156862745,0.11715686274509804,0.11430882352941177
0.31,0.002838235294117647,0.11715686274509804,0.1143186274509804
0.311,0.0028284313725490196,0.11715686274509804,0.11432843137254901
0.312,0.002823529411764706,0.11862745098039215,0.11580392156862744
0.313,0.002823529411764706,0.11887254901960784,0.11604901960784313
0.314,0.002803921568627451,0.11960784313725491,0.11680392156862746
0.315,0.0027794117647058822,0.12009803921568628,0.1173186274509804
0.316,0.0027647058823529413,0.12009803921568628,0.11733333333333333
0.317,0.0027598039215686273,0.12009803921568628,0.11733823529411765
0.318,0.00275,0.12083333333333333,0.11808333333333333
0.319,0.0027401960784313724,0.1213235294117647,0.11858333333333333
0.32,0.0027254901960784314,0.12156862745098039,0.11884313725490196
0.321,0.002715686274509804,0.12181372549019608,0.11909803921568628
0.322,0.0027058823529411765,0.12254901960784313,0.11984313725490195
0.323,0.002696078431372549,0.12279411764705882,0.12009803921568626
0.324,0.002681372549019608,0.12279411764705882,0.12011274509803921
0.325,0.002642156862745098,0.1230392156862745,0.1203970588235294
0.326,0.002637254901960784,0.1230392156862745,0.12040196078431371
0.327,0.0026176470588235292,0.12377450980392157,0.12115686274509804
0.328,0.0026078431372549018,0.12401960784313726,0.12141176470588236
0.329,0.0025882352941176473,0.12426470588235294,0.1216764705882353
0.33,0.0025637254901960784,0.12450980392156863,0.12194607843137255
0.331,0.002553921568627451,0.125,0.12244607843137255
0.332,0.0025294117647058825,0.12524509803921569,0.12271568627450981
0.333,0.0025294117647058825,0.12524509803921569,0.12271568627450981
0.334,0.0025294117647058825,0.12549019607843137,0.1229607843137255
0.335,0.0025098039215686275,0.12549019607843137,0.12298039215686274
0.336,0.002495098039215686,0.12598039215686274,0.12348529411764705
0.337,0.0024901960784313726,0.12622549019607843,0.12373529411764705
0.338,0.002480392156862745,0.1267156862745098,0.12423529411764705
0.339,0.002480392156862745,0.12720588235294117,0.12472549019607843
0.34,0.00246078431372549,0.1281862745098039,0.12572549019607843
0.341,0.0024558823529411767,0.1281862745098039,0.12573039215686274
0.342,0.0024362745098039217,0.1284313725490196,0.12599509803921569
0.343,0.002416666666666667,0.12941176470588237,0.1269950980392157
0.34400000000000003,0.002411764705882353,0.12990196078431374,0.12749019607843137
0.34500000000000003,0.0024019607843137254,0.12990196078431374,0.1275
0.34600000000000003,0.002392156862745098,0.13014705882352942,0.12775490196078432
0.34700000000000003,0.0023872549019607844,0.13014705882352942,0.12775980392156863
0.34800000000000003,0.002377450980392157,0.13014705882352942,0.12776960784313726
0.34900000000000003,0.0023676470588235294,0.1303921568627451,0.12802450980392158
0.35000000000000003,0.002357843137254902,0.1303921568627451,0.1280343137254902
0.35100000000000003,0.0023333333333333335,0.13088235294117648,0.12854901960784315
0.352,0.0023284313725490196,0.13161764705882353,0.12928921568627452
0.353,0.0023088235294117646,0.13161764705882353,0.12930882352941178
0.354,0.0022892156862745097,0.13186274509803922,0.1295735294117647
0.355,0.0022794117647058822,0.1321078431372549,0.129828431372549
0.356,0.0022794117647058822,0.1321078431372549,0.129828431372549
0.357,0.0022549019607843138,0.13308823529411765,0.13083333333333333
0.358,0.0022549019607843138,0.13333333333333333,0.13107843137254901
0.359,0.0022549019607843138,0.1340686274509804,0.13181372549019607
0.36,0.0022450980392156863,0.13455882352941176,0.13231372549019607
0.361,0.002235294117647059,0.13504901960784313,0.13281372549019607
0.362,0.002220588235294118,0.1355392156862745,0.1333186274509804
0.363,0.002200980392156863,0.13651960784313724,0.1343186274509804
0.364,0.0021911764705882355,0.13651960784313724,0.13432843137254902
0.365,0.002181372549019608,0.13676470588235295,0.13458333333333336
0.366,0.0021715686274509805,0.13676470588235295,0.13459313725490196
0.367,0.002156862745098039,0.13725490196078433,0.13509803921568628
0.368,0.0021470588235294116,0.13725490196078433,0.1351078431372549
0.369,0.002142156862745098,0.1377450980392157,0.1356029411764706
0.37,0.0021127450980392157,0.13823529411764707,0.13612254901960785
0.371,0.0020931372549019608,0.13848039215686275,0.1363872549019608
0.372,0.0020833333333333333,0.13872549019607844,0.1366421568627451
0.373,0.00207843137254902,0.1392156862745098,0.1371372549019608
0.374,0.0020637254901960784,0.14044117647058824,0.13837745098039217
0.375,0.002053921568627451,0.1411764705882353,0.13912254901960786
0.376,0.002053921568627451,0.14166666666666666,0.13961274509803923
0.377,0.0020490196078431374,0.14191176470588235,0.1398627450980392
0.378,0.00203921568627451,0.14191176470588235,0.13987254901960783
0.379,0.00203921568627451,0.14215686274509803,0.1401176470588235
0.38,0.0020294117647058824,0.14240196078431372,0.14037254901960783
0.381,0.0020245098039215685,0.14240196078431372,0.14037745098039214
0.382,0.002019607843137255,0.1426470588235294,0.14062745098039214
0.383,0.002014705882352941,0.1428921568627451,0.14087745098039214
0.384,0.002014705882352941,0.14313725490196078,0.14112254901960783
0.385,0.002014705882352941,0.14313725490196078,0.14112254901960783
0.386,0.0020049019607843136,0.14338235294117646,0.14137745098039214
0.387,0.002,0.14362745098039215,0.14162745098039214
0.388,0.001995098039215686,0.14362745098039215,0.14163235294117646
0.389,0.001995098039215686,0.14411764705882352,0.14212254901960783
0.39,0.0019754901960784316,0.1448529411764706,0.14287745098039217
0.391,0.0019705882352941176,0.1448529411764706,0.1428823529411765
0.392,0.001965686274509804,0.1448529411764706,0.1428872549019608
0.393,0.001965686274509804,0.14558823529411766,0.14362254901960786
0.394,0.0019509803921568627,0.14558823529411766,0.1436372549019608
0.395,0.0019411764705882352,0.1463235294117647,0.1443823529411765
0.396,0.001926470588235294,0.1463235294117647,0.1443970588235294
0.397,0.001926470588235294,0.1465686274509804,0.1446421568627451
0.398,0.0019166666666666666,0.14754901960784314,0.14563235294117646
0.399,0.0019166666666666666,0.14779411764705883,0.14587745098039215
0.4,0.0019019607843137256,0.1482843137254902,0.14638235294117646
0.401,0.0018970588235294118,0.14901960784313725,0.14712254901960783
0.402,0.0018725490196078432,0.14926470588235294,0.1473921568627451
0.403,0.0018627450980392157,0.1497549019607843,0.1478921568627451
0.404,0.001857843137254902,0.1497549019607843,0.1478970588235294
0.405,0.0018333333333333333,0.15,0.14816666666666667
0.406,0.0018333333333333333,0.15049019607843137,0.14865686274509804
0.40700000000000003,0.0018284313725490196,0.15073529411764705,0.14890686274509804
0.40800000000000003,0.001818627450980392,0.15098039215686274,0.14916176470588235
0.40900000000000003,0.0018088235294117646,0.15122549019607842,0.14941666666666667
0.41000000000000003,0.0018088235294117646,0.1514705882352941,0.14966176470588236
0.41100000000000003,0.0017990196078431372,0.1514705882352941,0.14967156862745096
0.41200000000000003,0.00178921568627451,0.15196078431372548,0.15017156862745096
0.41300000000000003,0.0017794117647058824,0.15294117647058825,0.15116176470588236
0.41400000000000003,0.001769607843137255,0.15294117647058825,0.151171568627451
0.41500000000000004,0.0017549019607843138,0.15343137254901962,0.1516764705882353
0.41600000000000004,0.0017549019607843138,0.1536764705882353,0.151921568627451
0.417,0.0017401960784313726,0.1536764705882353,0.15193627450980393
0.418,0.001730392156862745,0.1536764705882353,0.15194607843137256
0.419,0.001715686274509804,0.153921568627451,0.1522058823529412
0.42,0.001715686274509804,0.15416666666666667,0.15245098039215688
0.421,0.001715686274509804,0.15465686274509804,0.15294117647058825
0.422,0.0017107843137254902,0.15490196078431373,0.15319117647058825
0.423,0.0017009803921568627,0.15588235294117647,0.15418137254901962
0.424,0.001676470588235294,0.15612745098039216,0.15445098039215685
0.425,0.001676470588235294,0.15637254901960784,0.15469607843137254
0.426,0.0016666666666666668,0.1571078431372549,0.15544117647058822
0.427,0.0016519607843137256,0.15735294117647058,0.15570098039215685
0.428,0.0016519607843137256,0.15735294117647058,0.15570098039215685
0.429,0.0016470588235294118,0.15808823529411764,0.15644117647058822
0.43,0.0016372549019607844,0.15906862745098038,0.1574313725490196
0.431,0.0016323529411764706,0.15955882352941175,0.15792647058823528
0.432,0.0016323529411764706,0.15955882352941175,0.15792647058823528
0.433,0.0016176470588235294,0.15980392156862744,0.1581862745098039
0.434,0.0016029411764705882,0.16004901960784312,0.15844607843137254
0.435,0.0016029411764705882,0.16029411764705884,0.15869117647058825
0.436,0.0015931372549019608,0.16029411764705884,0.15870098039215688
0.437,0.0015735294117647058,0.16053921568627452,0.15896568627450983
0.438,0.0015735294117647058,0.16053921568627452,0.15896568627450983
0.439,0.0015637254901960784,0.16127450980392158,0.1597107843137255
0.44,0.0015539215686274509,0.16176470588235295,0.16021078431372549
0.441,0.00153921568627451,0.1625,0.16096078431372549
0.442,0.0015245098039215687,0.16299019607843138,0.1614656862745098
0.443,0.001519607843137255,0.16397058823529412,0.16245098039215686
0.444,0.0015049019607843138,0.1642156862745098,0.1627107843137255
0.445,0.0015,0.1644607843137255,0.1629607843137255
0.446,0.0014901960784313726,0.16495098039215686,0.1634607843137255
0.447,0.0014901960784313726,0.16519607843137254,0.16370588235294117
0.448,0.0014754901960784314,0.16544117647058823,0.1639656862745098
0.449,0.0014607843137254902,0.16544117647058823,0.16398039215686275
0.45,0.0014558823529411764,0.1659313725490196,0.16447549019607843
0.451,0.0014362745098039215,0.1659313725490196,0.1644950980392157
0.452,0.001426470588235294,0.16715686274509803,0.16573039215686272
0.453,0.0014166666666666668,0.1676470588235294,0.16623039215686272
0.454,0.001411764705882353,0.16789215686274508,0.16648039215686272
0.455,0.0013872549019607844,0.16789215686274508,0.1665049019607843
0.456,0.0013725490196078432,0.16838235294117648,0.16700980392156864
0.457,0.0013725490196078432,0.16862745098039217,0.16725490196078432
0.458,0.0013725490196078432,0.16887254901960785,0.1675
0.459,0.0013676470588235294,0.1698529411764706,0.16848529411764707
0.46,0.0013676470588235294,0.17083333333333334,0.1694656862745098
0.461,0.0013627450980392157,0.17083333333333334,0.16947058823529412
0.462,0.0013627450980392157,0.1715686274509804,0.17020588235294118
0.463,0.0013529411764705882,0.17181372549019608,0.1704607843137255
0.464,0.0013480392156862745,0.17205882352941176,0.1707107843137255
0.465,0.0013480392156862745,0.17230392156862745,0.17095588235294118
0.466,0.0013480392156862745,0.17254901960784313,0.17120098039215687
0.467,0.0013480392156862745,0.17279411764705882,0.17144607843137255
0.468,0.0013480392156862745,0.17279411764705882,0.17144607843137255
0.46900000000000003,0.0013480392156862745,0.17279411764705882,0.17144607843137255
0.47000000000000003,0.0013480392156862745,0.1732843137254902,0.17193627450980392
0.47100000000000003,0.0013431372549019608,0.1732843137254902,0.17194117647058824
0.47200000000000003,0.0013431372549019608,0.17401960784313725,0.1726764705882353
0.47300000000000003,0.0013431372549019608,0.175,0.17365686274509803
0.47400000000000003,0.001338235294117647,0.175,0.17366176470588235
0.47500000000000003,0.0013333333333333333,0.17573529411764705,0.17440196078431372
0.47600000000000003,0.0013284313725490196,0.17573529411764705,0.17440686274509803
0.47700000000000004,0.0013284313725490196,0.17598039215686276,0.17465196078431375
0.47800000000000004,0.001318627450980392,0.17598039215686276,0.17466176470588238
0.47900000000000004,0.0013137254901960784,0.17622549019607844,0.17491176470588238
0.48,0.0013088235294117646,0.17647058823529413,0.17516176470588238
0.481,0.0013039215686274509,0.17671568627450981,0.17541176470588235
0.482,0.0012990196078431372,0.17671568627450981,0.17541666666666667
0.483,0.0012990196078431372,0.17769607843137256,0.1763970588235294
0.484,0.0012941176470588236,0.17769607843137256,0.17640196078431372
0.485,0.0012941176470588236,0.17769607843137256,0.17640196078431372
0.486,0.0012941176470588236,0.17794117647058824,0.1766470588235294
0.487,0.0012941176470588236,0.1784313725490196,0.17713725490196078
0.488,0.0012843137254901962,0.17916666666666667,0.17788235294117646
0.489,0.0012843137254901962,0.17990196078431372,0.17861764705882352
0.49,0.0012843137254901962,0.17990196078431372,0.17861764705882352
0.491,0.0012745098039215687,0.17990196078431372,0.17862745098039215
0.492,0.001269607843137255,0.1803921568627451,0.17912254901960784
0.493,0.0012598039215686275,0.18063725490196078,0.17937745098039215
0.494,0.00125,0.18063725490196078,0.17938725490196078
0.495,0.0012254901960784314,0.18137254901960784,0.1801470588235294
0.496,0.0012156862745098039,0.1818627450980392,0.1806470588235294
0.497,0.0012009803921568627,0.1821078431372549,0.18090686274509804
0.498,0.0011813725490196077,0.18235294117647058,0.18117156862745096
0.499,0.001176470588235294,0.18284313725490195,0.18166666666666664
0.5,0.001176470588235294,0.18333333333333332,0.182156862745098
0.501,0.0011666666666666668,0.18333333333333332,0.18216666666666664
0.502,0.001161764705882353,0.18382352941176472,0.18266176470588236
0.503,0.001161764705882353,0.18480392156862746,0.1836421568627451
0.504,0.0011568627450980393,0.18480392156862746,0.1836470588235294
0.505,0.0011519607843137256,0.18480392156862746,0.18365196078431373
0.506,0.0011470588235294118,0.18480392156862746,0.18365686274509804
0.507,0.0011372549019607844,0.18553921568627452,0.18440196078431373
0.508,0.0011372549019607844,0.1860294117647059,0.1848921568627451
0.509,0.0011323529411764706,0.18676470588235294,0.18563235294117647
0.51,0.0011225490196078432,0.18725490196078431,0.18613235294117647
0.511,0.0011127450980392157,0.18774509803921569,0.18663235294117647
0.512,0.0011127450980392157,0.18823529411764706,0.18712254901960784
0.513,0.0011127450980392157,0.18848039215686274,0.18736764705882353
0.514,0.001107843137254902,0.1889705882352941,0.1878627450980392
0.515,0.0010931372549019608,0.18970588235294117,0.18861274509803921
0.516,0.0010931372549019608,0.18970588235294117,0.18861274509803921
0.517,0.001088235294117647,0.18995098039215685,0.18886274509803921
0.518,0.0010833333333333333,0.1909313725490196,0.18984803921568627
0.519,0.0010784313725490195,0.19240196078431374,0.19132352941176473
0.52,0.0010784313725490195,0.19264705882352942,0.1915686274509804
0.521,0.0010735294117647058,0.1928921568627451,0.1918186274509804
0.522,0.001068627450980392,0.19338235294117648,0.1923137254901961
0.523,0.0010637254901960783,0.19338235294117648,0.1923186274509804
0.524,0.0010637254901960783,0.19338235294117648,0.1923186274509804
0.525,0.0010539215686274509,0.19362745098039216,0.1925735294117647
0.526,0.0010490196078431374,0.19411764705882353,0.19306862745098038
0.527,0.0010441176470588236,0.1946078431372549,0.19356372549019607
0.528,0.0010441176470588236,0.1948529411764706,0.19380882352941176
0.529,0.0010441176470588236,0.1948529411764706,0.19380882352941176
0.53,0.00103921568627451,0.19534313725490196,0.19430392156862744
0.531,0.0010343137254901962,0.19558823529411765,0.19455392156862744
0.532,0.0010294117647058824,0.1963235294117647,0.1952941176470588
0.533,0.0010294117647058824,0.19681372549019607,0.19578431372549018
0.534,0.0010294117647058824,0.19754901960784313,0.19651960784313724
0.535,0.0010294117647058824,0.19828431372549019,0.1972549019607843
0.536,0.0010245098039215687,0.19901960784313724,0.19799509803921567
0.537,0.0010245098039215687,0.19901960784313724,0.19799509803921567
0.538,0.0010245098039215687,0.19950980392156864,0.19848529411764707
0.539,0.0010147058823529412,0.19950980392156864,0.1984950980392157
0.54,0.0010098039215686275,0.20073529411764707,0.19972549019607844
0.541,0.0010049019607843138,0.20098039215686275,0.19997549019607844
0.542,0.0010049019607843138,0.20098039215686275,0.19997549019607844
0.543,0.0010049019607843138,0.2017156862745098,0.2007107843137255
0.544,0.001,0.2019607843137255,0.2009607843137255
0.545,0.000980392156862745,0.20245098039215687,0.20147058823529412
0.546,0.000980392156862745,0.20294117647058824,0.2019607843137255
0.547,0.000980392156862745,0.20318627450980392,0.20220588235294118
0.548,0.000980392156862745,0.20392156862745098,0.20294117647058824
0.549,0.0009656862745098039,0.20441176470588235,0.20344607843137255
0.55,0.0009656862745098039,0.20490196078431372,0.20393627450980392
0.551,0.0009656862745098039,0.20563725490196078,0.20467156862745098
0.552,0.0009656862745098039,0.20588235294117646,0.20491666666666666
0.553,0.0009607843137254901,0.20637254901960783,0.20541176470588235
0.554,0.0009558823529411765,0.20661764705882352,0.20566176470588235
0.555,0.0009558823529411765,0.2068627450980392,0.20590686274509803
0.556,0.0009509803921568628,0.2075980392156863,0.20664705882352943
0.557,0.000946078431372549,0.20857843137254903,0.2076323529411765
0.558,0.000946078431372549,0.2090686274509804,0.20812254901960786
0.559,0.000946078431372549,0.21004901960784314,0.2091029411764706
0.56,0.0009362745098039216,0.2105392156862745,0.2096029411764706
0.561,0.0009362745098039216,0.21127450980392157,0.21033823529411766
0.562,0.0009313725490196079,0.21176470588235294,0.21083333333333332
0.5630000000000001,0.0009313725490196079,0.21200980392156862,0.211078431372549
0.5640000000000001,0.0009313725490196079,0.2122549019607843,0.2113235294117647
0.5650000000000001,0.0009313725490196079,0.2125,0.21156862745098037
0.5660000000000001,0.0009313725490196079,0.21299019607843137,0.21205882352941174
0.5670000000000001,0.0009215686274509804,0.21323529411764705,0.21231372549019606
0.5680000000000001,0.0009215686274509804,0.21323529411764705,0.21231372549019606
0.5690000000000001,0.0009166666666666666,0.21348039215686274,0.21256372549019606
0.5700000000000001,0.0009166666666666666,0.21348039215686274,0.21256372549019606
0.5710000000000001,0.0009166666666666666,0.2139705882352941,0.21305392156862743
0.5720000000000001,0.0009019607843137254,0.2142156862745098,0.21331372549019606
0.5730000000000001,0.0008970588235294117,0.21519607843137256,0.21429901960784314
0.5740000000000001,0.0008921568627450981,0.21593137254901962,0.21503921568627452
0.5750000000000001,0.0008921568627450981,0.2161764705882353,0.2152843137254902
0.5760000000000001,0.0008872549019607844,0.21666666666666667,0.2157794117647059
0.577,0.0008823529411764706,0.21740196078431373,0.21651960784313726
0.578,0.0008774509803921569,0.2178921568627451,0.21701470588235294
0.579,0.0008725490196078432,0.21887254901960784,0.218
0.58,0.0008676470588235294,0.21911764705882353,0.21825
0.581,0.0008627450980392157,0.21985294117647058,0.21899019607843137
0.582,0.0008627450980392157,0.22083333333333333,0.2199705882352941
0.583,0.0008627450980392157,0.22156862745098038,0.22070588235294117
0.584,0.000857843137254902,0.22205882352941175,0.22120098039215685
0.585,0.000857843137254902,0.22230392156862744,0.22144607843137254
0.586,0.0008480392156862745,0.22230392156862744,0.22145588235294117
0.587,0.0008480392156862745,0.22254901960784312,0.22170098039215685
0.588,0.0008333333333333334,0.2232843137254902,0.22245098039215688
0.589,0.0008284313725490197,0.22377450980392158,0.22294607843137257
0.59,0.0008186274509803922,0.22475490196078432,0.22393627450980394
0.591,0.0008137254901960785,0.22573529411764706,0.224921568627451
0.592,0.000803921568627451,0.22598039215686275,0.22517647058823528
0.593,0.0007990196078431372,0.2269607843137255,0.22616176470588234
0.594,0.0007941176470588235,0.22745098039215686,0.22665686274509803
0.595,0.0007892156862745098,0.22818627450980392,0.2273970588235294
0.596,0.0007892156862745098,0.2284313725490196,0.22764215686274508
0.597,0.0007892156862745098,0.22941176470588234,0.22862254901960782
0.598,0.000784313725490196,0.23039215686274508,0.22960784313725488
0.599,0.000784313725490196,0.2306372549019608,0.2298529411764706
0.6,0.000784313725490196,0.23088235294117648,0.23009803921568628
0.601,0.000784313725490196,0.23186274509803922,0.23107843137254902
0.602,0.0007794117647058823,0.2321078431372549,0.23132843137254902
0.603,0.0007794117647058823,0.2321078431372549,0.23132843137254902
0.604,0.0007794117647058823,0.23308823529411765,0.23230882352941176
0.605,0.0007745098039215686,0.23357843137254902,0.23280392156862745
0.606,0.0007647058823529412,0.23455882352941176,0.23379411764705882
0.607,0.0007647058823529412,0.23455882352941176,0.23379411764705882
0.608,0.0007647058823529412,0.23504901960784313,0.2342843137254902
0.609,0.0007647058823529412,0.23529411764705882,0.23452941176470588
0.61,0.0007598039215686275,0.23627450980392156,0.23551470588235293
0.611,0.0007450980392156863,0.23627450980392156,0.23552941176470588
0.612,0.0007450980392156863,0.23627450980392156,0.23552941176470588
0.613,0.0007450980392156863,0.23676470588235293,0.23601960784313725
0.614,0.0007450980392156863,0.23676470588235293,0.23601960784313725
0.615,0.0007450980392156863,0.2375,0.2367549019607843
0.616,0.0007450980392156863,0.23823529411764705,0.23749019607843136
0.617,0.0007450980392156863,0.23848039215686276,0.23773529411764707
0.618,0.0007401960784313725,0.23970588235294119,0.23896568627450981
0.619,0.0007303921568627451,0.24019607843137256,0.23946568627450981
0.62,0.0007303921568627451,0.2411764705882353,0.24044607843137256
0.621,0.0007156862745098039,0.24191176470588235,0.24119607843137256
0.622,0.0007156862745098039,0.2426470588235294,0.2419313725490196
0.623,0.0007107843137254901,0.24338235294117647,0.24267156862745098
0.624,0.0007107843137254901,0.2443627450980392,0.24365196078431373
0.625,0.0007107843137254901,0.24509803921568626,0.24438725490196078
0.626,0.0007009803921568628,0.24534313725490195,0.2446421568627451
0.627,0.0007009803921568628,0.2465686274509804,0.24586764705882355
0.628,0.000696078431372549,0.2468137254901961,0.24611764705882355
0.629,0.000696078431372549,0.24730392156862746,0.24660784313725492
0.63,0.0006911764705882353,0.24779411764705883,0.2471029411764706
0.631,0.0006911764705882353,0.24803921568627452,0.2473480392156863
0.632,0.0006911764705882353,0.24803921568627452,0.2473480392156863
0.633,0.0006862745098039216,0.2482843137254902,0.2475980392156863
0.634,0.0006862745098039216,0.24901960784313726,0.24833333333333335
0.635,0.0006813725490196078,0.2502450980392157,0.24956372549019606
0.636,0.0006715686274509804,0.25073529411764706,0.25006372549019606
0.637,0.0006666666666666666,0.2512254901960784,0.2505588235294118
0.638,0.0006666666666666666,0.25269607843137254,0.2520294117647059
0.639,0.0006666666666666666,0.25269607843137254,0.2520294117647059
0.64,0.0006666666666666666,0.2534313725490196,0.25276470588235295
0.641,0.0006666666666666666,0.25416666666666665,0.2535
0.642,0.0006617647058823529,0.25441176470588234,0.25375
0.643,0.0006617647058823529,0.254656862745098,0.25399509803921566
0.644,0.0006617647058823529,0.2551470588235294,0.25448529411764703
0.645,0.0006568627450980392,0.2551470588235294,0.2544901960784314
0.646,0.0006519607843137254,0.25612745098039214,0.2554754901960784
0.647,0.0006519607843137254,0.2563725490196078,0.2557205882352941
0.648,0.0006470588235294118,0.2571078431372549,0.2564607843137255
0.649,0.0006421568627450981,0.257843137254902,0.2572009803921569
0.65,0.0006421568627450981,0.2580882352941177,0.25744607843137257
0.651,0.0006421568627450981,0.25833333333333336,0.25769117647058826
0.652,0.0006274509803921569,0.2593137254901961,0.25868627450980397
0.653,0.0006225490196078431,0.2593137254901961,0.25869117647058826
0.654,0.0006225490196078431,0.2595588235294118,0.25893627450980394
0.655,0.0006225490196078431,0.25980392156862747,0.25918137254901963
0.656,0.0006176470588235294,0.26053921568627453,0.25992156862745097
0.657,0.0006176470588235294,0.26053921568627453,0.25992156862745097
0.658,0.0006176470588235294,0.2612745098039216,0.26065686274509803
0.659,0.0006078431372549019,0.26176470588235295,0.26115686274509803
0.66,0.0006029411764705882,0.2622549019607843,0.26165196078431374
0.661,0.0006029411764705882,0.2629901960784314,0.2623872549019608
0.662,0.0006029411764705882,0.26348039215686275,0.26287745098039217
0.663,0.0006029411764705882,0.26348039215686275,0.26287745098039217
0.664,0.0006029411764705882,0.2639705882352941,0.26336764705882354
0.665,0.0005980392156862745,0.2642156862745098,0.2636176470588235
0.666,0.0005980392156862745,0.2647058823529412,0.2641078431372549
0.667,0.0005980392156862745,0.26519607843137255,0.26459803921568625
0.668,0.000588235294117647,0.26544117647058824,0.26485294117647057
0.669,0.000588235294117647,0.266421568627451,0.2658333333333333
0.67,0.000588235294117647,0.26715686274509803,0.26656862745098037
0.671,0.000588235294117647,0.2676470588235294,0.26705882352941174
0.672,0.0005833333333333334,0.2681372549019608,0.26755392156862745
0.673,0.0005833333333333334,0.2681372549019608,0.26755392156862745
0.674,0.0005833333333333334,0.26838235294117646,0.26779901960784314
0.675,0.0005833333333333334,0.2693627450980392,0.2687794117647059
0.676,0.0005686274509803922,0.2698529411764706,0.26928431372549017
0.677,0.0005686274509803922,0.27034313725490194,0.26977450980392154
0.678,0.0005686274509803922,0.27058823529411763,0.2700196078431372
0.679,0.0005588235294117647,0.2713235294117647,0.2707647058823529
0.68,0.000553921568627451,0.27181372549019606,0.2712598039215686
0.681,0.000553921568627451,0.27205882352941174,0.2715049019607843
0.682,0.000553921568627451,0.2727941176470588,0.27224019607843136
0.683,0.0005490196078431372,0.27328431372549017,0.272735294117647
0.684,0.0005490196078431372,0.2735294117647059,0.27298039215686276
0.685,0.0005490196078431372,0.2740196078431373,0.27347058823529413
0.686,0.0005490196078431372,0.2757352941176471,0.27518627450980393
0.687,0.0005490196078431372,0.2757352941176471,0.27518627450980393
0.6880000000000001,0.0005441176470588235,0.27622549019607845,0.27568137254901964
0.6890000000000001,0.0005441176470588235,0.2772058823529412,0.2766617647058824
0.6900000000000001,0.0005392156862745098,0.27769607843137256,0.27715686274509804
0.6910000000000001,0.0005392156862745098,0.278921568627451,0.27838235294117647
0.6920000000000001,0.0005392156862745098,0.278921568627451,0.27838235294117647
0.6930000000000001,0.0005392156862745098,0.27941176470588236,0.27887254901960784
0.6940000000000001,0.0005392156862745098,0.27965686274509804,0.2791176470588235
0.6950000000000001,0.000534313725490196,0.2801470588235294,0.27961274509803924
0.6960000000000001,0.0005294117647058823,0.28088235294117647,0.2803529411764706
0.6970000000000001,0.0005294117647058823,0.28161764705882353,0.28108823529411764
0.6980000000000001,0.0005245098039215687,0.28259803921568627,0.2820735294117647
0.6990000000000001,0.0005245098039215687,0.283578431372549,0.28305392156862746
0.7000000000000001,0.000519607843137255,0.28455882352941175,0.2840392156862745
0.7010000000000001,0.000519607843137255,0.2850490196078431,0.28452941176470586
0.7020000000000001,0.000519607843137255,0.2852941176470588,0.28477450980392155
0.7030000000000001,0.000519607843137255,0.28602941176470587,0.2855098039215686
0.704,0.0005147058823529412,0.2867647058823529,0.28625
0.705,0.0005,0.2867647058823529,0.2862647058823529
0.706,0.0005,0.2875,0.287
0.707,0.0004950980392156863,0.28774509803921566,0.28724999999999995
0.708,0.0004950980392156863,0.28823529411764703,0.2877401960784313
0.709,0.0004950980392156863,0.2884803921568627,0.287985294117647
0.71,0.0004950980392156863,0.2887254901960784,0.2882303921568627
0.711,0.0004950980392156863,0.2894607843137255,0.2889656862745098
0.712,0.0004950980392156863,0.2901960784313726,0.28970098039215686
0.713,0.0004901960784313725,0.2916666666666667,0.2911764705882353
0.714,0.0004901960784313725,0.29215686274509806,0.2916666666666667
0.715,0.0004852941176470588,0.29240196078431374,0.29191666666666666
0.716,0.0004754901960784314,0.2928921568627451,0.29241666666666666
0.717,0.0004754901960784314,0.29362745098039217,0.2931519607843137
0.718,0.00047058823529411766,0.2948529411764706,0.2943823529411765
0.719,0.0004656862745098039,0.2948529411764706,0.29438725490196077
0.72,0.0004656862745098039,0.2950980392156863,0.29463235294117646
0.721,0.0004607843137254902,0.29534313725490197,0.2948823529411765
0.722,0.0004607843137254902,0.29583333333333334,0.29537254901960786
0.723,0.0004607843137254902,0.2963235294117647,0.2958627450980392
0.724,0.0004607843137254902,0.2963235294117647,0.2958627450980392
0.725,0.00045588235294117646,0.29730392156862745,0.29684803921568625
0.726,0.00044607843137254904,0.29754901960784313,0.29710294117647057
0.727,0.00044607843137254904,0.2980392156862745,0.29759313725490194
0.728,0.0004411764705882353,0.2985294117647059,0.29808823529411765
0.729,0.0004411764705882353,0.29926470588235293,0.2988235294117647
0.73,0.0004362745098039216,0.2997549019607843,0.29931862745098037
0.731,0.0004264705882352941,0.3002450980392157,0.29981862745098037
0.732,0.0004166666666666667,0.3014705882352941,0.3010539215686274
0.733,0.0004166666666666667,0.30245098039215684,0.30203431372549017
0.734,0.0004166666666666667,0.30392156862745096,0.3035049019607843
0.735,0.00041176470588235296,0.304656862745098,0.3042450980392157
0.736,0.0004068627450980392,0.3053921568627451,0.3049852941176471
0.737,0.0004068627450980392,0.3056372549019608,0.30523039215686276
0.738,0.0004068627450980392,0.30686274509803924,0.3064558823529412
0.739,0.0004019607843137255,0.30808823529411766,0.30768627450980396
0.74,0.0004019607843137255,0.30857843137254903,0.30817647058823533
0.741,0.00039705882352941176,0.31029411764705883,0.3098970588235294
0.742,0.00039705882352941176,0.3110294117647059,0.31063235294117647
0.743,0.00039705882352941176,0.31176470588235294,0.3113676470588235
0.744,0.00039705882352941176,0.3122549019607843,0.3118578431372549
0.745,0.000392156862745098,0.3122549019607843,0.31186274509803924
0.746,0.000392156862745098,0.3127450980392157,0.3123529411764706
0.747,0.000392156862745098,0.31299019607843137,0.3125980392156863
0.748,0.0003872549019607843,0.3144607843137255,0.3140735294117647
0.749,0.0003872549019607843,0.31495098039215685,0.31456372549019607
0.75,0.0003872549019607843,0.31519607843137254,0.31480882352941175
0.751,0.0003872549019607843,0.3156862745098039,0.3152990196078431
0.752,0.0003823529411764706,0.31642156862745097,0.3160392156862745
0.753,0.0003774509803921569,0.3176470588235294,0.31726960784313724
0.754,0.0003774509803921569,0.31813725490196076,0.3177598039215686
0.755,0.00037254901960784314,0.320343137254902,0.3199705882352941
0.756,0.0003676470588235294,0.320343137254902,0.31997549019607846
0.757,0.0003676470588235294,0.3215686274509804,0.3212009803921569
0.758,0.00036274509803921567,0.32279411764705884,0.3224313725490196
0.759,0.00036274509803921567,0.32401960784313727,0.32365686274509803
0.76,0.00036274509803921567,0.325,0.32463725490196077
0.761,0.00036274509803921567,0.3264705882352941,0.3261078431372549
0.762,0.00036274509803921567,0.3272058823529412,0.32684313725490194
0.763,0.00036274509803921567,0.3281862745098039,0.3278235294117647
0.764,0.00035784313725490194,0.3284313725490196,0.3280735294117647
0.765,0.00035784313725490194,0.3286764705882353,0.3283186274509804
0.766,0.00035784313725490194,0.32965686274509803,0.32929901960784314
0.767,0.0003480392156862745,0.3303921568627451,0.3300441176470588
0.768,0.0003480392156862745,0.33088235294117646,0.3305343137254902
0.769,0.0003480392156862745,0.3323529411764706,0.3320049019607843
0.77,0.0003480392156862745,0.33308823529411763,0.33274019607843136
0.771,0.00033823529411764706,0.3350490196078431,0.3347107843137255
0.772,0.00033823529411764706,0.33578431372549017,0.33544607843137253
0.773,0.00033823529411764706,0.33725490196078434,0.3369166666666667
0.774,0.00033823529411764706,0.3379901960784314,0.33765196078431375
0.775,0.00033823529411764706,0.33897058823529413,0.3386323529411765
0.776,0.0003284313725490196,0.34068627450980393,0.3403578431372549
0.777,0.0003284313725490196,0.3416666666666667,0.34133823529411766
0.778,0.0003284313725490196,0.3428921568627451,0.3425637254901961
0.779,0.0003186274509803922,0.34338235294117647,0.3430637254901961
0.78,0.0003186274509803922,0.34411764705882353,0.34379901960784315
0.781,0.0003186274509803922,0.34411764705882353,0.34379901960784315
0.782,0.0003088235294117647,0.3448529411764706,0.34454411764705883
0.783,0.00030392156862745097,0.34534313725490196,0.3450392156862745
0.784,0.00029901960784313724,0.3463235294117647,0.3460245098039216
0.785,0.00029901960784313724,0.34730392156862744,0.3470049019607843
0.786,0.00029901960784313724,0.3480392156862745,0.3477401960784314
0.787,0.0002941176470588235,0.34877450980392155,0.3484803921568627
0.788,0.0002843137254901961,0.35,0.3497156862745098
0.789,0.0002843137254901961,0.3509803921568627,0.3506960784313725
0.79,0.00027941176470588236,0.3514705882352941,0.35119117647058823
0.791,0.00027941176470588236,0.3522058823529412,0.35192647058823534
0.792,0.00027941176470588236,0.35294117647058826,0.3526617647058824
0.793,0.0002745098039215686,0.35441176470588237,0.3541372549019608
0.794,0.0002745098039215686,0.35465686274509806,0.3543823529411765
0.795,0.0002696078431372549,0.3571078431372549,0.3568382352941177
0.796,0.0002696078431372549,0.35808823529411765,0.3578186274509804
0.797,0.0002696078431372549,0.3590686274509804,0.35879901960784316
0.798,0.0002696078431372549,0.35980392156862745,0.3595343137254902
0.799,0.0002696078431372549,0.3602941176470588,0.3600245098039216
0.8,0.00026470588235294115,0.3607843137254902,0.36051960784313725
0.801,0.0002598039215686275,0.3620098039215686,0.36175
0.802,0.0002598039215686275,0.3627450980392157,0.36248529411764707
0.803,0.0002598039215686275,0.3637254901960784,0.3634656862745098
0.804,0.00025490196078431374,0.36495098039215684,0.36469607843137253
0.805,0.00025,0.36617647058823527,0.3659264705882353
0.806,0.00025,0.367156862745098,0.36690686274509804
0.807,0.00025,0.36936274509803924,0.36911274509803926
0.808,0.00025,0.3700980392156863,0.3698480392156863
0.809,0.00025,0.37083333333333335,0.3705833333333334
0.81,0.00025,0.3718137254901961,0.3715637254901961
0.811,0.00024019607843137254,0.37279411764705883,0.37255392156862743
0.812,0.00024019607843137254,0.3737745098039216,0.3735343137254902
0.8130000000000001,0.00023529411764705883,0.3752450980392157,0.37500980392156863
0.8140000000000001,0.00023529411764705883,0.37573529411764706,0.3755
0.8150000000000001,0.00023529411764705883,0.3764705882352941,0.37623529411764706
0.8160000000000001,0.0002303921568627451,0.37769607843137254,0.37746568627450977
0.8170000000000001,0.0002303921568627451,0.3786764705882353,0.3784460784313725
0.8180000000000001,0.0002303921568627451,0.3803921568627451,0.3801617647058823
0.8190000000000001,0.0002303921568627451,0.38063725490196076,0.380406862745098
0.8200000000000001,0.0002303921568627451,0.38112745098039214,0.38089705882352937
0.8210000000000001,0.0002303921568627451,0.3818627450980392,0.3816323529411764
0.8220000000000001,0.0002303921568627451,0.38259803921568625,0.3823676470588235
0.8230000000000001,0.0002303921568627451,0.382843137254902,0.3826127450980392
0.8240000000000001,0.00022549019607843136,0.3830882352941177,0.38286274509803925
0.8250000000000001,0.00022549019607843136,0.38357843137254904,0.3833529411764706
0.8260000000000001,0.00022549019607843136,0.38357843137254904,0.3833529411764706
0.8270000000000001,0.00022058823529411765,0.38480392156862747,0.38458333333333333
0.8280000000000001,0.00021568627450980392,0.3860294117647059,0.3858137254901961
0.8290000000000001,0.00021568627450980392,0.3875,0.3872843137254902
0.8300000000000001,0.0002107843137254902,0.3889705882352941,0.3887598039215686
0.8310000000000001,0.00020588235294117648,0.38995098039215687,0.3897450980392157
0.8320000000000001,0.00020098039215686275,0.391421568627451,0.3912205882352941
0.833,0.00020098039215686275,0.3928921568627451,0.3926911764705882
0.834,0.00020098039215686275,0.3946078431372549,0.394406862745098
0.835,0.00020098039215686275,0.3958333333333333,0.39563235294117644
0.836,0.00020098039215686275,0.39681372549019606,0.3966127450980392
0.837,0.000196078431372549,0.3975490196078431,0.3973529411764706
0.838,0.0001911764705882353,0.3985294117647059,0.39833823529411766
0.839,0.00018627450980392157,0.4002450980392157,0.4000588235294118
0.84,0.00018627450980392157,0.40098039215686276,0.40079411764705886
0.841,0.00018627450980392157,0.4019607843137255,0.4017745098039216
0.842,0.00018627450980392157,0.4036764705882353,0.4034901960784314
0.843,0.00018137254901960784,0.40465686274509804,0.4044754901960784
0.844,0.00018137254901960784,0.4053921568627451,0.4052107843137255
0.845,0.00018137254901960784,0.40661764705882353,0.4064362745098039
0.846,0.00017647058823529413,0.40759803921568627,0.407421568627451
0.847,0.00017647058823529413,0.4083333333333333,0.40815686274509805
0.848,0.0001715686274509804,0.40980392156862744,0.40963235294117645
0.849,0.0001715686274509804,0.41127450980392155,0.41110294117647056
0.85,0.00016666666666666666,0.4117647058823529,0.4115980392156863
0.851,0.00016176470588235295,0.4134803921568627,0.41331862745098036
0.852,0.00016176470588235295,0.4147058823529412,0.41454411764705884
0.853,0.00016176470588235295,0.41593137254901963,0.41576960784313727
0.854,0.00016176470588235295,0.416421568627451,0.41625980392156864
0.855,0.00016176470588235295,0.4178921568627451,0.41773039215686275
0.856,0.00015686274509803922,0.4196078431372549,0.4194509803921569
0.857,0.00015196078431372549,0.4215686274509804,0.42141666666666666
0.858,0.00015196078431372549,0.4227941176470588,0.4226421568627451
0.859,0.00014705882352941175,0.4252450980392157,0.4250980392156863
0.86,0.00014705882352941175,0.4262254901960784,0.426078431372549
0.861,0.00014215686274509804,0.4279411764705882,0.4277990196078431
0.862,0.00014215686274509804,0.42916666666666664,0.42902450980392154
0.863,0.00014215686274509804,0.4308823529411765,0.4307401960784314
0.864,0.0001372549019607843,0.4323529411764706,0.43221568627450985
0.865,0.00013235294117647058,0.43333333333333335,0.4332009803921569
0.866,0.00013235294117647058,0.4343137254901961,0.4341813725490196
0.867,0.00013235294117647058,0.4362745098039216,0.4361421568627451
0.868,0.00012745098039215687,0.43676470588235294,0.4366372549019608
0.869,0.00012745098039215687,0.43799019607843137,0.43786274509803924
0.87,0.00012745098039215687,0.4389705882352941,0.438843137254902
0.871,0.00012254901960784314,0.44166666666666665,0.4415441176470588
0.872,0.00011274509803921568,0.442156862745098,0.4420441176470588
0.873,0.00011274509803921568,0.4441176470588235,0.4440049019607843
0.874,0.00011274509803921568,0.4446078431372549,0.44449509803921566
0.875,0.00011274509803921568,0.44509803921568625,0.44498529411764703
0.876,0.00011274509803921568,0.44607843137254904,0.44596568627450983
0.877,0.00010784313725490196,0.4482843137254902,0.4481764705882353
0.878,0.00010784313725490196,0.44926470588235295,0.44915686274509803
0.879,0.00010294117647058824,0.4504901960784314,0.4503872549019608
0.88,0.00010294117647058824,0.4517156862745098,0.4516127450980392
0.881,0.00010294117647058824,0.45441176470588235,0.45430882352941176
0.882,0.00010294117647058824,0.45588235294117646,0.4557794117647059
0.883,0.00010294117647058824,0.4573529411764706,0.45725
0.884,0.00010294117647058824,0.45784313725490194,0.45774019607843136
0.885,0.00010294117647058824,0.45906862745098037,0.4589656862745098
0.886,9.80392156862745e-05,0.46078431372549017,0.4606862745098039
0.887,9.80392156862745e-05,0.4627450980392157,0.4626470588235294
0.888,9.80392156862745e-05,0.4647058823529412,0.4646078431372549
0.889,9.80392156862745e-05,0.466421568627451,0.4663235294117647
0.89,9.80392156862745e-05,0.46740196078431373,0.46730392156862743
0.891,9.80392156862745e-05,0.4696078431372549,0.4695098039215686
0.892,9.313725490196079e-05,0.4713235294117647,0.47123039215686274
0.893,9.313725490196079e-05,0.4730392156862745,0.47294607843137254
0.894,9.313725490196079e-05,0.47573529411764703,0.4756421568627451
0.895,9.313725490196079e-05,0.4762254901960784,0.47613235294117645
0.896,9.313725490196079e-05,0.47818627450980394,0.478093137254902
0.897,9.313725490196079e-05,0.47990196078431374,0.4798088235294118
0.898,9.313725490196079e-05,0.4821078431372549,0.48201470588235296
0.899,9.313725490196079e-05,0.48333333333333334,0.4832401960784314
0.9,9.313725490196079e-05,0.4852941176470588,0.48520098039215687
0.901,8.823529411764706e-05,0.4870098039215686,0.48692156862745095
0.902,8.823529411764706e-05,0.48995098039215684,0.4898627450980392
0.903,8.333333333333333e-05,0.49142156862745096,0.49133823529411763
0.904,8.333333333333333e-05,0.4928921568627451,0.4928088235294118
0.905,8.333333333333333e-05,0.49411764705882355,0.4940343137254902
0.906,7.843137254901961e-05,0.4970588235294118,0.49698039215686274
0.907,7.843137254901961e-05,0.4985294117647059,0.49845098039215685
0.908,7.843137254901961e-05,0.5012254901960784,0.5011470588235294
0.909,7.843137254901961e-05,0.5036764705882353,0.5035980392156862
0.91,6.862745098039216e-05,0.5066176470588235,0.5065490196078432
0.911,6.372549019607843e-05,0.5075980392156862,0.5075343137254902
0.912,6.372549019607843e-05,0.5098039215686274,0.5097401960784314
0.913,6.372549019607843e-05,0.5115196078431372,0.5114558823529411
0.914,6.372549019607843e-05,0.5142156862745098,0.5141519607843137
0.915,6.372549019607843e-05,0.516421568627451,0.516357843137255
0.916,6.372549019607843e-05,0.5178921568627451,0.5178284313725491
0.917,6.372549019607843e-05,0.520343137254902,0.5202794117647059
0.918,6.372549019607843e-05,0.5230392156862745,0.5229754901960785
0.919,6.372549019607843e-05,0.5254901960784314,0.5254264705882353
0.92,6.372549019607843e-05,0.5284313725490196,0.5283676470588236
0.921,6.372549019607843e-05,0.5294117647058824,0.5293480392156863
0.922,6.372549019607843e-05,0.5308823529411765,0.5308186274509804
0.923,6.372549019607843e-05,0.5345588235294118,0.5344950980392157
0.924,6.372549019607843e-05,0.5365196078431372,0.5364558823529412
0.925,5.882352941176471e-05,0.5389705882352941,0.5389117647058823
0.926,5.882352941176471e-05,0.5411764705882353,0.5411176470588235
0.927,5.882352941176471e-05,0.5428921568627451,0.5428333333333333
0.928,5.392156862745098e-05,0.5433823529411764,0.5433284313725489
0.929,5.392156862745098e-05,0.546078431372549,0.5460245098039215
0.93,5.392156862745098e-05,0.5470588235294118,0.5470049019607843
0.931,5.392156862745098e-05,0.55,0.5499460784313726
0.932,5.392156862745098e-05,0.5529411764705883,0.5528872549019608
0.933,5.392156862745098e-05,0.5544117647058824,0.5543578431372549
0.934,4.901960784313725e-05,0.558578431372549,0.5585294117647059
0.935,4.901960784313725e-05,0.5612745098039216,0.5612254901960785
0.936,4.901960784313725e-05,0.5649509803921569,0.5649019607843138
0.937,4.901960784313725e-05,0.5686274509803921,0.568578431372549
0.9380000000000001,4.411764705882353e-05,0.5700980392156862,0.5700539215686274
0.9390000000000001,3.9215686274509805e-05,0.5740196078431372,0.5739803921568627
0.9400000000000001,3.9215686274509805e-05,0.5774509803921568,0.5774117647058823
0.9410000000000001,3.9215686274509805e-05,0.5796568627450981,0.5796176470588236
0.9420000000000001,3.9215686274509805e-05,0.5818627450980393,0.5818235294117647
0.9430000000000001,3.9215686274509805e-05,0.5833333333333334,0.5832941176470589
0.9440000000000001,3.431372549019608e-05,0.5857843137254902,0.58575
0.9450000000000001,3.431372549019608e-05,0.5879901960784314,0.5879558823529412
0.9460000000000001,3.431372549019608e-05,0.5906862745098039,0.5906519607843137
0.9470000000000001,3.431372549019608e-05,0.5933823529411765,0.5933480392156862
0.9480000000000001,3.431372549019608e-05,0.5965686274509804,0.5965343137254902
0.9490000000000001,3.431372549019608e-05,0.6022058823529411,0.6021715686274509
0.9500000000000001,2.9411764705882354e-05,0.6049019607843137,0.6048725490196079
0.9510000000000001,2.4509803921568626e-05,0.6088235294117647,0.6087990196078431
0.9520000000000001,2.4509803921568626e-05,0.6129901960784314,0.6129656862745099
0.9530000000000001,2.4509803921568626e-05,0.6174019607843138,0.6173774509803922
0.9540000000000001,2.4509803921568626e-05,0.6213235294117647,0.6212990196078432
0.9550000000000001,2.4509803921568626e-05,0.6259803921568627,0.6259558823529412
0.9560000000000001,2.4509803921568626e-05,0.6321078431372549,0.6320833333333333
0.9570000000000001,2.4509803921568626e-05,0.6365196078431372,0.6364950980392157
0.9580000000000001,1.9607843137254903e-05,0.641421568627451,0.6414019607843138
0.9590000000000001,1.4705882352941177e-05,0.6446078431372549,0.644593137254902
0.96,1.4705882352941177e-05,0.6487745098039216,0.6487598039215686
0.961,1.4705882352941177e-05,0.6522058823529412,0.6521911764705882
0.962,1.4705882352941177e-05,0.6561274509803922,0.6561127450980392
0.963,1.4705882352941177e-05,0.6593137254901961,0.6592990196078431
0.964,1.4705882352941177e-05,0.6651960784313725,0.6651813725490195
0.965,1.4705882352941177e-05,0.6708333333333333,0.6708186274509803
0.966,9.803921568627451e-06,0.6762254901960785,0.6762156862745099
0.967,9.803921568627451e-06,0.6848039215686275,0.6847941176470589
0.968,9.803921568627451e-06,0.691421568627451,0.6914117647058824
0.969,4.901960784313726e-06,0.6958333333333333,0.695828431372549
0.97,4.901960784313726e-06,0.7024509803921568,0.7024460784313725
0.971,4.901960784313726e-06,0.7075980392156863,0.707593137254902
0.972,4.901960784313726e-06,0.7129901960784314,0.7129852941176471
0.973,4.901960784313726e-06,0.7188725490196078,0.7188676470588236
0.974,4.901960784313726e-06,0.7223039215686274,0.7222990196078432
0.975,4.901960784313726e-06,0.7299019607843137,0.7298970588235294
0.976,4.901960784313726e-06,0.7365196078431373,0.736514705882353
0.977,4.901960784313726e-06,0.745343137254902,0.7453382352941177
0.978,4.901960784313726e-06,0.7504901960784314,0.7504852941176471
0.979,4.901960784313726e-06,0.7563725490196078,0.7563676470588235
0.98,4.901960784313726e-06,0.7637254901960784,0.7637205882352941
0.981,4.901960784313726e-06,0.7705882352941177,0.7705833333333334
0.982,4.901960784313726e-06,0.7801470588235294,0.7801421568627451
0.983,4.901960784313726e-06,0.7867647058823529,0.7867598039215686
0.984,4.901960784313726e-06,0.7965686274509803,0.796563725490196
0.985,4.901960784313726e-06,0.8034313725490196,0.8034264705882354
0.986,4.901960784313726e-06,0.8100490196078431,0.8100441176470589
0.987,4.901960784313726e-06,0.8225490196078431,0.8225441176470588
0.988,4.901960784313726e-06,0.8313725490196079,0.8313676470588236
0.989,4.901960784313726e-06,0.8399509803921569,0.8399460784313726
0.99,4.901960784313726e-06,0.8492647058823529,0.8492598039215686
0.991,4.901960784313726e-06,0.8639705882352942,0.8639656862745099
0.992,4.901960784313726e-06,0.8718137254901961,0.8718088235294118
0.993,4.901960784313726e-06,0.8845588235294117,0.8845539215686274
0.994,4.901960784313726e-06,0.8977941176470589,0.8977892156862746
0.995,4.901960784313726e-06,0.9149509803921568,0.9149460784313725
0.996,4.901960784313726e-06,0.9264705882352942,0.9264656862745099
0.997,4.901960784313726e-06,0.9438725490196078,0.9438676470588235
0.998,4.901960784313726e-06,0.9610294117647059,0.9610245098039216
0.999,0.0,0.9801470588235294,0.9801470588235294
1.0,0.0,1.0,1.0
