threshold,far,frr
0.9999926090240479,0.0,0.9997549019607843
0.9999673366546631,0.0,0.9975490196078431
0.9999630451202393,0.0,0.9970588235294118
0.9998742341995239,0.0,0.9852941176470589
0.9998713731765747,0.0,0.9848039215686275
0.999605119228363,0.0,0.9605392156862745
0.9996050000190735,0.0,0.9600490196078432
0.9994320273399353,0.0,0.946078431372549
0.9994277358055115,0.0,0.9455882352941176
0.9993845224380493,0.0,0.942156862745098
0.9993775486946106,0.0,0.9416666666666667
0.9992967844009399,0.0,0.9348039215686275
0.9992963075637817,0.0,0.9343137254901961
0.9992067217826843,0.0,0.9262254901960785
0.9992063641548157,0.0,0.9257352941176471
0.9990713596343994,0.0,0.9164215686274509
0.9990577101707458,0.0,0.9159313725490196
0.9989043474197388,0.0,0.9053921568627451
0.9988941550254822,0.0,0.9049019607843137
0.9988923668861389,0.0,0.9044117647058824
0.9988909363746643,0.0,0.903921568627451
0.9985188841819763,0.0,0.8774509803921569
0.9985184073448181,0.0,0.8769607843137255
0.9984235763549805,0.0,0.871078431372549
0.9984222650527954,0.0,0.8705882352941177
0.9983938336372375,0.0,0.8688725490196079
0.9983933568000793,0.0,0.8683823529411765
0.9981967806816101,0.0,0.8602941176470589
0.9981867671012878,0.0,0.8598039215686275
0.9981074333190918,0.0,0.8551470588235294
0.9981050491333008,0.0,0.854656862745098
0.9980074763298035,0.0,0.85
0.9980030655860901,4.901960784313726e-06,0.85
0.9960203766822815,4.901960784313726e-06,0.7713235294117647
0.9960153698921204,4.901960784313726e-06,0.7708333333333334
0.995367169380188,4.901960784313726e-06,0.753921568627451
0.9953601956367493,4.901960784313726e-06,0.7534313725490196
0.9953258037567139,4.901960784313726e-06,0.7524509803921569
0.9953255653381348,4.901960784313726e-06,0.7519607843137255
0.9949506521224976,4.901960784313726e-06,0.7399509803921569
0.9949178695678711,4.901960784313726e-06,0.7394607843137255
0.9946271777153015,4.901960784313726e-06,0.7323529411764707
0.9946211576461792,9.803921568627451e-06,0.7323529411764707
0.9911091327667236,9.803921568627451e-06,0.6612745098039216
0.9911075234413147,9.803921568627451e-06,0.6607843137254902
0.981727123260498,9.803921568627451e-06,0.5465686274509804
0.9817185401916504,1.4705882352941177e-05,0.5465686274509804
0.9791898727416992,1.4705882352941177e-05,0.529656862745098
0.9791090488433838,1.4705882352941177e-05,0.5291666666666667
0.975173830986023,1.4705882352941177e-05,0.5061274509803921
0.9750345945358276,2.4509803921568626e-05,0.5061274509803921
0.9713795185089111,2.4509803921568626e-05,0.4825980392156862
0.9713274240493774,2.4509803921568626e-05,0.48210784313725485
0.9669244289398193,2.4509803921568626e-05,0.4612745098039216
0.9668720364570618,2.9411764705882354e-05,0.4612745098039216
0.9584927558898926,2.9411764705882354e-05,0.42500000000000004
0.9583771228790283,3.431372549019608e-05,0.42500000000000004
0.9522494077682495,3.431372549019608e-05,0.4034313725490196
0.9522230625152588,3.9215686274509805e-05,0.4034313725490196
0.9485858082771301,3.9215686274509805e-05,0.39117647058823535
0.9485579133033752,4.411764705882353e-05,0.39117647058823535
0.947603166103363,4.411764705882353e-05,0.38627450980392153
0.9472956657409668,4.411764705882353e-05,0.38578431372549016
0.9455190300941467,4.411764705882353e-05,0.3786764705882353
0.9455043077468872,4.901960784313725e-05,0.3786764705882353
0.9452162384986877,4.901960784313725e-05,0.3781862745098039
0.9450242519378662,5.882352941176471e-05,0.3781862745098039
0.9449519515037537,5.882352941176471e-05,0.3779411764705882
0.9448527693748474,6.372549019607843e-05,0.3779411764705882
0.9441052079200745,6.372549019607843e-05,0.3762254901960784
0.9438799023628235,6.862745098039216e-05,0.3762254901960784
0.9396329522132874,6.862745098039216e-05,0.3634803921568628
0.9396150708198547,7.352941176470588e-05,0.3634803921568628
0.9286134243011475,7.352941176470588e-05,0.3458333333333333
0.9285291433334351,7.843137254901961e-05,0.3458333333333333
0.9220939874649048,7.843137254901961e-05,0.3343137254901961
0.9220260977745056,8.333333333333333e-05,0.3343137254901961
0.9161351323127747,8.333333333333333e-05,0.3223039215686274
0.9160829186439514,8.823529411764706e-05,0.3223039215686274
0.9155780673027039,8.823529411764706e-05,0.32156862745098036
0.9154391884803772,9.313725490196079e-05,0.32156862745098036
0.9069851040840149,9.313725490196079e-05,0.3075980392156863
0.9069688320159912,9.80392156862745e-05,0.3073529411764706
0.9065046310424805,9.80392156862745e-05,0.30637254901960786
0.9057111740112305,0.00010294117647058824,0.30637254901960786
0.9046745896339417,0.00010294117647058824,0.3056372549019608
0.9045025110244751,0.00010784313725490196,0.3056372549019608
0.8948753476142883,0.00010784313725490196,0.29142156862745094
0.8945246338844299,0.00011274509803921568,0.29142156862745094
0.8927085995674133,0.00011274509803921568,0.28823529411764703
0.8925089836120605,0.00011764705882352942,0.28823529411764703
0.8917869925498962,0.00011764705882352942,0.2875
0.891681432723999,0.00012254901960784314,0.2875
0.8906970620155334,0.00012254901960784314,0.28627450980392155
0.8901582360267639,0.00012745098039215687,0.28627450980392155
0.8877761960029602,0.00012745098039215687,0.283578431372549
0.8875369429588318,0.00013235294117647058,0.283578431372549
0.8837780356407166,0.00013235294117647058,0.2791666666666667
0.8837717175483704,0.0001372549019607843,0.2791666666666667
0.8767033219337463,0.0001372549019607843,0.2718137254901961
0.8765164017677307,0.00014215686274509804,0.2718137254901961
0.8731178641319275,0.00014215686274509804,0.26764705882352946
0.8730337619781494,0.00014705882352941175,0.26764705882352946
0.8724148273468018,0.00014705882352941175,0.26617647058823535
0.8720653653144836,0.00015196078431372549,0.26617647058823535
0.8690450191497803,0.00015196078431372549,0.26249999999999996
0.8688573241233826,0.00015686274509803922,0.26249999999999996
0.8658819198608398,0.00015686274509803922,0.25906862745098036
0.8657885789871216,0.00016176470588235295,0.25906862745098036
0.863163948059082,0.00016176470588235295,0.25612745098039214
0.8626967072486877,0.00016666666666666666,0.25612745098039214
0.8607302308082581,0.00016666666666666666,0.2549019607843137
0.8606233596801758,0.0001715686274509804,0.2549019607843137
0.8546188473701477,0.0001715686274509804,0.24926470588235294
0.8544445633888245,0.00017647058823529413,0.24926470588235294
0.853706419467926,0.00017647058823529413,0.24877450980392157
0.8532148599624634,0.00018137254901960784,0.24877450980392157
0.8512633442878723,0.00018137254901960784,0.24607843137254903
0.8511407971382141,0.00018627450980392157,0.24607843137254903
0.8435955047607422,0.00018627450980392157,0.24240196078431375
0.843487560749054,0.0001911764705882353,0.24240196078431375
0.8209285140037537,0.0001911764705882353,0.22745098039215683
0.8207200169563293,0.000196078431372549,0.22745098039215683
0.8205951452255249,0.000196078431372549,0.22720588235294115
0.8204509615898132,0.00020098039215686275,0.22720588235294115
0.815139651298523,0.00020098039215686275,0.22377450980392155
0.8150938153266907,0.00020588235294117648,0.22377450980392155
0.8115445375442505,0.00020588235294117648,0.22083333333333333
0.8114156126976013,0.0002107843137254902,0.22083333333333333
0.810267984867096,0.0002107843137254902,0.22009803921568627
0.8101156949996948,0.00021568627450980392,0.22009803921568627
0.8043004870414734,0.00021568627450980392,0.21593137254901962
0.8041049838066101,0.00022058823529411765,0.21593137254901962
0.8019407391548157,0.00022058823529411765,0.21421568627450982
0.8018142580986023,0.00022549019607843136,0.21421568627450982
0.7903931140899658,0.00022549019607843136,0.20833333333333337
0.7898631691932678,0.0002303921568627451,0.20833333333333337
0.7888931632041931,0.0002303921568627451,0.20759803921568631
0.7877330780029297,0.00024019607843137254,0.20759803921568631
0.7870942950248718,0.00024019607843137254,0.20710784313725494
0.7866278290748596,0.00024509803921568627,0.20710784313725494
0.7849644422531128,0.00024509803921568627,0.20563725490196083
0.7845735549926758,0.00025,0.20563725490196083
0.7844035625457764,0.00025,0.20539215686274515
0.7842888236045837,0.00025490196078431374,0.20539215686274515
0.7818952202796936,0.00025490196078431374,0.20367647058823535
0.7812130451202393,0.0002598039215686275,0.20367647058823535
0.7800377607345581,0.0002598039215686275,0.2026960784313725
0.7789731621742249,0.00026470588235294115,0.2026960784313725
0.772722601890564,0.00026470588235294115,0.19803921568627447
0.7712898254394531,0.0002745098039215686,0.19803921568627447
0.7694199085235596,0.0002745098039215686,0.19705882352941173
0.7691380977630615,0.00027941176470588236,0.19705882352941173
0.7657738327980042,0.00027941176470588236,0.19632352941176467
0.7654690742492676,0.0002843137254901961,0.19632352941176467
0.7596873044967651,0.0002843137254901961,0.19313725490196076
0.7582376003265381,0.0002892156862745098,0.19313725490196076
0.7486839294433594,0.0002892156862745098,0.18848039215686274
0.7483522295951843,0.0002941176470588235,0.18848039215686274
0.7315128445625305,0.0002941176470588235,0.18039215686274512
0.7314056158065796,0.00029901960784313724,0.18039215686274512
0.7305222749710083,0.00029901960784313724,0.1791666666666667
0.7305142283439636,0.00030392156862745097,0.1791666666666667
0.7299802303314209,0.00030392156862745097,0.17867647058823533
0.7258680462837219,0.00031372549019607844,0.17867647058823533
0.7254272699356079,0.00031372549019607844,0.17818627450980395
0.7246841788291931,0.0003186274509803922,0.17818627450980395
0.724066972732544,0.0003186274509803922,0.17794117647058827
0.7234015464782715,0.0003235294117647059,0.17794117647058827
0.7173546552658081,0.0003235294117647059,0.17549019607843142
0.7163383960723877,0.0003284313725490196,0.17549019607843142
0.7161086201667786,0.0003284313725490196,0.17524509803921573
0.7160698771476746,0.0003333333333333333,0.17524509803921573
0.7154701948165894,0.0003333333333333333,0.17500000000000004
0.7154629826545715,0.00033823529411764706,0.17500000000000004
0.7153538465499878,0.00033823529411764706,0.17475490196078436
0.7150585651397705,0.0003480392156862745,0.17475490196078436
0.7140809893608093,0.0003480392156862745,0.17377450980392162
0.713860273361206,0.00035294117647058826,0.17377450980392162
0.7092227935791016,0.00035294117647058826,0.17156862745098034
0.7087858319282532,0.00036274509803921567,0.17156862745098034
0.7029796242713928,0.00036274509803921567,0.16985294117647054
0.7023595571517944,0.0003676470588235294,0.16985294117647054
0.702353298664093,0.0003676470588235294,0.16960784313725485
0.7021558284759521,0.00037254901960784314,0.16960784313725485
0.6924735307693481,0.00037254901960784314,0.16421568627450978
0.6922762393951416,0.0003774509803921569,0.16421568627450978
0.6917508244514465,0.0003774509803921569,0.1639705882352941
0.6901852488517761,0.0003823529411764706,0.1639705882352941
0.6875245571136475,0.0003823529411764706,0.16274509803921566
0.6874015927314758,0.0003872549019607843,0.16274509803921566
0.6848828196525574,0.0003872549019607843,0.16151960784313724
0.6843669414520264,0.000392156862745098,0.16151960784313724
0.6835196614265442,0.000392156862745098,0.16078431372549018
0.6834750175476074,0.00039705882352941176,0.16078431372549018
0.6821248531341553,0.00039705882352941176,0.1605392156862745
0.6802888512611389,0.0004019607843137255,0.1605392156862745
0.6797809600830078,0.0004019607843137255,0.1602941176470588
0.6792985200881958,0.0004068627450980392,0.1602941176470588
0.6758785247802734,0.0004068627450980392,0.15931372549019607
0.6753593683242798,0.00041176470588235296,0.15931372549019607
0.6719046831130981,0.00041176470588235296,0.15808823529411764
0.6718098521232605,0.0004166666666666667,0.15808823529411764
0.6710097193717957,0.0004166666666666667,0.15735294117647058
0.6690689325332642,0.0004362745098039216,0.15735294117647058
0.6666316390037537,0.0004362745098039216,0.1568627450980392
0.6665741205215454,0.0004411764705882353,0.1568627450980392
0.6653066277503967,0.0004411764705882353,0.15637254901960784
0.6650721430778503,0.0004509803921568627,0.15637254901960784
0.6619069576263428,0.0004509803921568627,0.1556372549019608
0.6618713140487671,0.00045588235294117646,0.1556372549019608
0.6571455597877502,0.00045588235294117646,0.15343137254901962
0.65671306848526,0.0004607843137254902,0.15343137254901962
0.6513671278953552,0.0004607843137254902,0.1519607843137255
0.6505455374717712,0.0004754901960784314,0.1519607843137255
0.6487688422203064,0.0004754901960784314,0.15171568627450982
0.6452774405479431,0.0004901960784313725,0.15171568627450982
0.6424822807312012,0.0004901960784313725,0.15000000000000002
0.6420876979827881,0.0004950980392156863,0.15000000000000002
0.6377495527267456,0.0004950980392156863,0.14901960784313728
0.6363946199417114,0.0005,0.14901960784313728
0.6362221837043762,0.0005,0.1487745098039216
0.6350661516189575,0.0005098039215686275,0.1487745098039216
0.6289862394332886,0.0005098039215686275,0.14558823529411768
0.6287593245506287,0.0005147058823529412,0.14558823529411768
0.6255111694335938,0.0005147058823529412,0.14436274509803926
0.6253896951675415,0.000519607843137255,0.14436274509803926
0.6223062872886658,0.000519607843137255,0.1438725490196079
0.6222675442695618,0.0005245098039215687,0.1438725490196079
0.6219937801361084,0.0005245098039215687,0.1436274509803922
0.6219282746315002,0.0005294117647058823,0.1436274509803922
0.6197896599769592,0.0005294117647058823,0.14240196078431377
0.6197701096534729,0.000534313725490196,0.14240196078431377
0.6192727088928223,0.000534313725490196,0.14166666666666672
0.618736207485199,0.0005392156862745098,0.14166666666666672
0.6179131865501404,0.0005392156862745098,0.14142156862745103
0.6164849996566772,0.0005441176470588235,0.14142156862745103
0.6164659261703491,0.0005441176470588235,0.14117647058823535
0.6163965463638306,0.0005490196078431372,0.14117647058823535
0.6157102584838867,0.0005490196078431372,0.14093137254901966
0.614665150642395,0.000553921568627451,0.14093137254901966
0.6138676404953003,0.000553921568627451,0.14044117647058818
0.6136772036552429,0.0005588235294117647,0.14044117647058818
0.612677276134491,0.0005588235294117647,0.1401960784313725
0.6116651296615601,0.0005637254901960784,0.1401960784313725
0.6110066175460815,0.0005637254901960784,0.1399509803921568
0.6100264191627502,0.0005686274509803922,0.1399509803921568
0.6076250076293945,0.0005686274509803922,0.13921568627450975
0.6072478294372559,0.0005735294117647059,0.13921568627450975
0.6069117188453674,0.0005735294117647059,0.1384803921568627
0.6066073179244995,0.0005784313725490196,0.1384803921568627
0.6064989566802979,0.0005784313725490196,0.138235294117647
0.6063332557678223,0.0005833333333333334,0.138235294117647
0.6062403917312622,0.0005833333333333334,0.13799019607843133
0.6058667302131653,0.000588235294117647,0.13799019607843133
0.6048026084899902,0.000588235294117647,0.13725490196078427
0.6036173105239868,0.0005931372549019607,0.13725490196078427
0.6029272079467773,0.0005931372549019607,0.13700980392156858
0.6000984907150269,0.0006029411764705882,0.13700980392156858
0.5994868874549866,0.0006029411764705882,0.1367647058823529
0.5993908643722534,0.0006078431372549019,0.1367647058823529
0.5989072918891907,0.0006078431372549019,0.13651960784313721
0.5975649952888489,0.0006176470588235294,0.13651960784313721
0.5948881506919861,0.0006176470588235294,0.1352941176470588
0.5907559990882874,0.0006323529411764706,0.1352941176470588
0.5867592096328735,0.0006323529411764706,0.13406862745098036
0.5861813426017761,0.0006372549019607843,0.13406862745098036
0.5823491215705872,0.0006372549019607843,0.13235294117647056
0.5814255475997925,0.0006421568627450981,0.13235294117647056
0.5805056691169739,0.0006421568627450981,0.1316176470588235
0.5802516937255859,0.0006519607843137254,0.1316176470588235
0.577229380607605,0.0006519607843137254,0.1301470588235294
0.5759479999542236,0.0006568627450980392,0.1301470588235294
0.575232744216919,0.0006568627450980392,0.12965686274509802
0.5724731087684631,0.0006862745098039216,0.12965686274509802
0.5706771016120911,0.0006862745098039216,0.12892156862745097
0.5702353715896606,0.000696078431372549,0.12892156862745097
0.5701668858528137,0.000696078431372549,0.12867647058823528
0.5697792768478394,0.0007009803921568628,0.12867647058823528
0.5687921643257141,0.0007009803921568628,0.1281862745098039
0.5682976841926575,0.0007058823529411765,0.1281862745098039
0.5647373795509338,0.0007058823529411765,0.12720588235294117
0.5642832517623901,0.0007107843137254901,0.12720588235294117
0.5592816472053528,0.0007107843137254901,0.12598039215686274
0.5584700107574463,0.0007156862745098039,0.12598039215686274
0.5582777261734009,0.0007156862745098039,0.12573529411764706
0.5566359758377075,0.0007254901960784313,0.12573529411764706
0.5511895418167114,0.0007254901960784313,0.125
0.5487407445907593,0.0007303921568627451,0.125
0.5485022664070129,0.0007303921568627451,0.12475490196078431
0.5477917194366455,0.0007401960784313725,0.12475490196078431
0.5444796681404114,0.0007401960784313725,0.12401960784313726
0.542893648147583,0.00075,0.12401960784313726
0.537217915058136,0.00075,0.1215686274509804
0.5355276465415955,0.0007647058823529412,0.1215686274509804
0.5346847176551819,0.0007647058823529412,0.12083333333333335
0.5307280421257019,0.000784313725490196,0.12083333333333335
0.5292449593544006,0.000784313725490196,0.1198529411764706
0.5242980122566223,0.0008186274509803922,0.1198529411764706
0.524275004863739,0.0008186274509803922,0.11960784313725492
0.5242475867271423,0.0008235294117647059,0.11960784313725492
0.5237758755683899,0.0008235294117647059,0.11911764705882355
0.5226657390594482,0.0008284313725490197,0.11911764705882355
0.5214650630950928,0.0008284313725490197,0.1183823529411765
0.5206247568130493,0.0008333333333333334,0.1183823529411765
0.5194512605667114,0.0008333333333333334,0.11764705882352944
0.5184096693992615,0.000838235294117647,0.11764705882352944
0.5174763798713684,0.000838235294117647,0.11740196078431375
0.5172132253646851,0.0008431372549019607,0.11740196078431375
0.515429675579071,0.0008431372549019607,0.11593137254901964
0.5142687559127808,0.0008480392156862745,0.11593137254901964
0.5131237506866455,0.0008480392156862745,0.1149509803921569
0.5112876296043396,0.0008627450980392157,0.1149509803921569
0.5094492435455322,0.0008627450980392157,0.11421568627450984
0.5072387456893921,0.0008725490196078432,0.11421568627450984
0.5059157013893127,0.0008725490196078432,0.1132352941176471
0.5056915283203125,0.0008774509803921569,0.1132352941176471
0.5054876208305359,0.0008774509803921569,0.11299019607843142
0.5054082870483398,0.0008823529411764706,0.11299019607843142
0.5048386454582214,0.0008823529411764706,0.11250000000000004
0.5033940076828003,0.0008872549019607844,0.11250000000000004
0.5032250881195068,0.0008872549019607844,0.11225490196078436
0.5030755400657654,0.0008921568627450981,0.11225490196078436
0.5012235641479492,0.0008921568627450981,0.11053921568627456
0.49941691756248474,0.0008970588235294117,0.11053921568627456
0.49855437874794006,0.0008970588235294117,0.1098039215686275
0.4980020225048065,0.0009068627450980392,0.1098039215686275
0.49766260385513306,0.0009068627450980392,0.10931372549019602
0.497449666261673,0.0009117647058823529,0.10931372549019602
0.49310073256492615,0.0009117647058823529,0.10759803921568623
0.49301639199256897,0.0009166666666666666,0.10759803921568623
0.4928063154220581,0.0009166666666666666,0.10735294117647054
0.49087756872177124,0.0009264705882352941,0.10735294117647054
0.49063968658447266,0.0009264705882352941,0.10710784313725485
0.48978427052497864,0.0009362745098039216,0.10710784313725485
0.4893287718296051,0.0009362745098039216,0.10661764705882348
0.48662346601486206,0.0009509803921568628,0.10661764705882348
0.48657068610191345,0.0009509803921568628,0.1063725490196078
0.4864240288734436,0.0009558823529411765,0.1063725490196078
0.48640772700309753,0.0009558823529411765,0.10612745098039211
0.4847649335861206,0.0009656862745098039,0.10612745098039211
0.48378753662109375,0.0009656862745098039,0.10539215686274506
0.48166531324386597,0.000980392156862745,0.10539215686274506
0.48106133937835693,0.000980392156862745,0.10490196078431369
0.480196475982666,0.0009901960784313726,0.10490196078431369
0.48003968596458435,0.0009901960784313726,0.104656862745098
0.4798974394798279,0.0009950980392156863,0.104656862745098
0.47841668128967285,0.0009950980392156863,0.10416666666666663
0.47783398628234863,0.0010098039215686275,0.10416666666666663
0.47684246301651,0.0010098039215686275,0.10392156862745094
0.4757145643234253,0.0010245098039215687,0.10392156862745094
0.4756890535354614,0.0010245098039215687,0.10367647058823526
0.47510290145874023,0.0010294117647058824,0.10367647058823526
0.47451531887054443,0.0010294117647058824,0.10318627450980389
0.47152405977249146,0.0010539215686274509,0.10318627450980389
0.4700559973716736,0.0010539215686274509,0.10220588235294115
0.4699481725692749,0.0010588235294117646,0.10220588235294115
0.46830061078071594,0.0010588235294117646,0.1012254901960784
0.4647882878780365,0.0010784313725490195,0.1012254901960784
0.4639606475830078,0.0010784313725490195,0.10098039215686272
0.4637358784675598,0.0010833333333333333,0.10098039215686272
0.46351227164268494,0.0010833333333333333,0.10073529411764703
0.46253761649131775,0.001088235294117647,0.10073529411764703
0.46205925941467285,0.001088235294117647,0.10049019607843135
0.4606677293777466,0.0010931372549019608,0.10049019607843135
0.458756685256958,0.0010931372549019608,0.09950980392156861
0.4587198495864868,0.0010980392156862745,0.09950980392156861
0.4583422839641571,0.0010980392156862745,0.09926470588235292
0.45781832933425903,0.001107843137254902,0.09926470588235292
0.45519572496414185,0.001107843137254902,0.09828431372549018
0.4548841416835785,0.0011127450980392157,0.09828431372549018
0.4526059031486511,0.0011127450980392157,0.09754901960784312
0.45252007246017456,0.0011176470588235294,0.09754901960784312
0.4512704610824585,0.0011176470588235294,0.09730392156862744
0.450432687997818,0.0011274509803921569,0.09730392156862744
0.448451966047287,0.0011274509803921569,0.09705882352941175
0.44714683294296265,0.0011323529411764706,0.09705882352941175
0.4462071657180786,0.0011323529411764706,0.09656862745098038
0.4458580017089844,0.0011372549019607844,0.09656862745098038
0.4453123211860657,0.0011372549019607844,0.0963235294117647
0.4448208212852478,0.001142156862745098,0.0963235294117647
0.4448133111000061,0.001142156862745098,0.09607843137254901
0.44404929876327515,0.0011470588235294118,0.09607843137254901
0.4427165985107422,0.0011470588235294118,0.09534313725490196
0.44246041774749756,0.0011519607843137256,0.09534313725490196
0.44236695766448975,0.0011519607843137256,0.09485294117647058
0.44125354290008545,0.0011568627450980393,0.09485294117647058
0.4407622218132019,0.0011568627450980393,0.0946078431372549
0.43938979506492615,0.0011715686274509805,0.0946078431372549
0.4380579888820648,0.0011715686274509805,0.09436274509803921
0.4379703998565674,0.001176470588235294,0.09436274509803921
0.4360852837562561,0.001176470588235294,0.09338235294117647
0.4359455108642578,0.0011813725490196077,0.09338235294117647
0.4351235628128052,0.0011813725490196077,0.09264705882352942
0.43274641036987305,0.0012058823529411764,0.09264705882352942
0.4323313534259796,0.0012058823529411764,0.09240196078431373
0.4267616271972656,0.0012205882352941176,0.09240196078431373
0.4255514442920685,0.0012205882352941176,0.09215686274509804
0.42379891872406006,0.0012352941176470588,0.09215686274509804
0.4222201406955719,0.0012352941176470588,0.09191176470588236
0.4211491048336029,0.0012401960784313726,0.09191176470588236
0.42105191946029663,0.0012401960784313726,0.09166666666666667
0.4201946556568146,0.0012450980392156863,0.09166666666666667
0.42006605863571167,0.0012450980392156863,0.09142156862745099
0.4182300269603729,0.0012647058823529412,0.09142156862745099
0.41752251982688904,0.0012647058823529412,0.0911764705882353
0.4155053198337555,0.0012745098039215687,0.0911764705882353
0.41286367177963257,0.0012745098039215687,0.09068627450980393
0.412526398897171,0.0012794117647058824,0.09068627450980393
0.408496618270874,0.0012794117647058824,0.0894607843137255
0.4081570506095886,0.0012941176470588236,0.0894607843137255
0.407810777425766,0.0012941176470588236,0.08921568627450982
0.40535297989845276,0.0013284313725490196,0.08921568627450982
0.4032260775566101,0.0013284313725490196,0.08872549019607845
0.4021998345851898,0.0013333333333333333,0.08872549019607845
0.4021661877632141,0.0013333333333333333,0.08848039215686276
0.3997694253921509,0.0013627450980392157,0.08848039215686276
0.39934438467025757,0.0013627450980392157,0.08823529411764708
0.39595237374305725,0.001392156862745098,0.08823529411764708
0.395828515291214,0.001392156862745098,0.08799019607843139
0.395496129989624,0.0013970588235294118,0.08799019607843139
0.39452123641967773,0.0013970588235294118,0.08725490196078434
0.3894902765750885,0.001446078431372549,0.08725490196078434
0.3890189826488495,0.001446078431372549,0.08700980392156865
0.3882388174533844,0.0014509803921568627,0.08700980392156865
0.38765960931777954,0.0014509803921568627,0.08676470588235297
0.38568007946014404,0.0014754901960784314,0.08676470588235297
0.38361427187919617,0.0014754901960784314,0.08553921568627454
0.38360318541526794,0.001480392156862745,0.08553921568627454
0.3829020857810974,0.001480392156862745,0.08529411764705885
0.3822150230407715,0.0014852941176470588,0.08529411764705885
0.3780956268310547,0.0014852941176470588,0.0845588235294118
0.3772704303264618,0.0014901960784313726,0.0845588235294118
0.37649843096733093,0.0014901960784313726,0.08431372549019611
0.37555035948753357,0.0015,0.08431372549019611
0.37527942657470703,0.0015,0.08406862745098043
0.3747595548629761,0.0015098039215686275,0.08406862745098043
0.3745744526386261,0.0015098039215686275,0.08382352941176474
0.37422940135002136,0.0015245098039215687,0.08382352941176474
0.3731917142868042,0.0015245098039215687,0.08333333333333337
0.3730228543281555,0.0015343137254901962,0.08333333333333337
0.37293118238449097,0.0015343137254901962,0.08308823529411768
0.3722326457500458,0.00153921568627451,0.08308823529411768
0.3709739148616791,0.00153921568627451,0.08235294117647063
0.37041977047920227,0.0015441176470588234,0.08235294117647063
0.370083212852478,0.0015441176470588234,0.08186274509803926
0.36986950039863586,0.0015539215686274509,0.08186274509803926
0.3693523705005646,0.0015539215686274509,0.08137254901960789
0.3669770359992981,0.0015784313725490196,0.08137254901960789
0.36669495701789856,0.0015784313725490196,0.0811274509803922
0.3651788830757141,0.001588235294117647,0.0811274509803922
0.3629855811595917,0.001588235294117647,0.08063725490196083
0.36237597465515137,0.0015931372549019608,0.08063725490196083
0.36122652888298035,0.0015931372549019608,0.08014705882352946
0.36084678769111633,0.0015980392156862745,0.08014705882352946
0.3603065311908722,0.0015980392156862745,0.07990196078431377
0.35897108912467957,0.0016029411764705882,0.07990196078431377
0.35830000042915344,0.0016029411764705882,0.07965686274509809
0.3570820093154907,0.0016127450980392157,0.07965686274509809
0.3569789230823517,0.0016127450980392157,0.0794117647058824
0.35455450415611267,0.001642156862745098,0.0794117647058824
0.3543335497379303,0.001642156862745098,0.07916666666666672
0.35370317101478577,0.001661764705882353,0.07916666666666672
0.35250598192214966,0.001661764705882353,0.07867647058823535
0.3503892719745636,0.0016813725490196078,0.07867647058823535
0.35028624534606934,0.0016813725490196078,0.07818627450980398
0.34978675842285156,0.0016862745098039215,0.07818627450980398
0.349215030670166,0.0016862745098039215,0.07794117647058818
0.348231703042984,0.0016911764705882352,0.07794117647058818
0.3479458689689636,0.0016911764705882352,0.0776960784313725
0.3471134603023529,0.0017009803921568627,0.0776960784313725
0.34609293937683105,0.0017009803921568627,0.07696078431372544
0.3458855450153351,0.0017058823529411764,0.07696078431372544
0.34430399537086487,0.0017058823529411764,0.07647058823529407
0.3422619700431824,0.0017352941176470588,0.07647058823529407
0.34174874424934387,0.0017352941176470588,0.07622549019607838
0.33856815099716187,0.001769607843137255,0.07622549019607838
0.33797889947891235,0.001769607843137255,0.07573529411764701
0.3352662920951843,0.0017990196078431372,0.07573529411764701
0.3335869610309601,0.0017990196078431372,0.07524509803921564
0.33237224817276,0.0018088235294117646,0.07524509803921564
0.33225536346435547,0.0018088235294117646,0.07499999999999996
0.3308292329311371,0.0018284313725490196,0.07499999999999996
0.32910478115081787,0.0018284313725490196,0.07450980392156858
0.32768145203590393,0.0018431372549019608,0.07450980392156858
0.32681572437286377,0.0018431372549019608,0.0742647058823529
0.32462078332901,0.001857843137254902,0.0742647058823529
0.3241260349750519,0.001857843137254902,0.07401960784313721
0.32368722558021545,0.0018627450980392157,0.07401960784313721
0.3205467462539673,0.0018627450980392157,0.07328431372549016
0.32033398747444153,0.001877450980392157,0.07328431372549016
0.3196990489959717,0.001877450980392157,0.07303921568627447
0.3161429762840271,0.001926470588235294,0.07303921568627447
0.31568655371665955,0.001926470588235294,0.07279411764705879
0.31416982412338257,0.0019362745098039215,0.07279411764705879
0.31364870071411133,0.0019362745098039215,0.0725490196078431
0.3134959936141968,0.001946078431372549,0.0725490196078431
0.3116646111011505,0.001946078431372549,0.07205882352941173
0.3115004301071167,0.0019509803921568627,0.07205882352941173
0.31147706508636475,0.0019509803921568627,0.07181372549019605
0.3077479898929596,0.002,0.07181372549019605
0.3067585825920105,0.002,0.07156862745098036
0.30646148324012756,0.0020049019607843136,0.07156862745098036
0.30629298090934753,0.0020049019607843136,0.07132352941176467
0.30510595440864563,0.0020245098039215685,0.07132352941176467
0.30498379468917847,0.0020245098039215685,0.07107843137254899
0.3047872483730316,0.0020294117647058824,0.07107843137254899
0.3046811521053314,0.0020294117647058824,0.0708333333333333
0.3019781708717346,0.0020490196078431374,0.0708333333333333
0.30147913098335266,0.0020490196078431374,0.07058823529411762
0.30000194907188416,0.002073529411764706,0.07058823529411762
0.29976287484169006,0.002073529411764706,0.07034313725490193
0.29887738823890686,0.0020833333333333333,0.07034313725490193
0.2983096241950989,0.0020833333333333333,0.06985294117647056
0.2936260402202606,0.0021323529411764706,0.06985294117647056
0.29294559359550476,0.0021323529411764706,0.06960784313725488
0.2928561568260193,0.002137254901960784,0.06960784313725488
0.29226386547088623,0.002137254901960784,0.0691176470588235
0.29210034012794495,0.0021470588235294116,0.0691176470588235
0.2920880615711212,0.0021470588235294116,0.06887254901960782
0.2878918945789337,0.0021666666666666666,0.06887254901960782
0.2874546945095062,0.0021666666666666666,0.06862745098039214
0.28493815660476685,0.0021862745098039215,0.06862745098039214
0.28464019298553467,0.0021862745098039215,0.06838235294117645
0.28416070342063904,0.0022058823529411764,0.06838235294117645
0.2840064764022827,0.0022058823529411764,0.06813725490196076
0.28263017535209656,0.0022107843137254904,0.06813725490196076
0.282241553068161,0.0022107843137254904,0.06789215686274508
0.28129130601882935,0.002220588235294118,0.06789215686274508
0.28126639127731323,0.002220588235294118,0.0676470588235294
0.280211865901947,0.0022254901960784314,0.0676470588235294
0.2801932990550995,0.0022254901960784314,0.06740196078431371
0.27842944860458374,0.0022598039215686273,0.06740196078431371
0.2781617343425751,0.0022598039215686273,0.06691176470588234
0.27550068497657776,0.0022745098039215687,0.06691176470588234
0.2750203609466553,0.0022745098039215687,0.06666666666666665
0.274436891078949,0.0022892156862745097,0.06666666666666665
0.2743397057056427,0.0022892156862745097,0.06642156862745097
0.2729335129261017,0.002303921568627451,0.06642156862745097
0.27290239930152893,0.002303921568627451,0.06617647058823528
0.2727811336517334,0.0023088235294117646,0.06617647058823528
0.2722691595554352,0.0023088235294117646,0.06568627450980391
0.27035531401634216,0.0023284313725490196,0.06568627450980391
0.27029144763946533,0.0023284313725490196,0.06544117647058822
0.26825445890426636,0.0023627450980392155,0.06544117647058822
0.2679538428783417,0.0023627450980392155,0.06519607843137254
0.26567450165748596,0.0023823529411764704,0.06519607843137254
0.26424533128738403,0.0023823529411764704,0.06446078431372548
0.26241037249565125,0.0024068627450980393,0.06446078431372548
0.2616586983203888,0.0024068627450980393,0.0642156862745098
0.26138582825660706,0.0024215686274509803,0.0642156862745098
0.2609163224697113,0.0024215686274509803,0.06397058823529411
0.26058530807495117,0.0024264705882352943,0.06397058823529411
0.2604449391365051,0.0024264705882352943,0.06372549019607843
0.26005494594573975,0.0024313725490196078,0.06372549019607843
0.25989216566085815,0.0024313725490196078,0.06348039215686274
0.2597857713699341,0.0024362745098039217,0.06348039215686274
0.25971394777297974,0.0024362745098039217,0.06323529411764706
0.2590658664703369,0.0024411764705882352,0.06323529411764706
0.2587297260761261,0.0024411764705882352,0.06299019607843137
0.256988525390625,0.0024558823529411767,0.06299019607843137
0.25678369402885437,0.0024558823529411767,0.06274509803921569
0.25562018156051636,0.002465686274509804,0.06274509803921569
0.25557368993759155,0.002465686274509804,0.0625
0.25531497597694397,0.002480392156862745,0.0625
0.25517866015434265,0.002480392156862745,0.062254901960784315
0.25310131907463074,0.0025,0.062254901960784315
0.25280046463012695,0.0025,0.061764705882352944
0.24802449345588684,0.0026078431372549018,0.061764705882352944
0.2472427487373352,0.0026078431372549018,0.06151960784313726
0.24637538194656372,0.0026274509803921567,0.06151960784313726
0.24584220349788666,0.0026274509803921567,0.06127450980392157
0.24561697244644165,0.002637254901960784,0.06127450980392157
0.24549554288387299,0.002637254901960784,0.0607843137254902
0.2453852742910385,0.0026470588235294116,0.0607843137254902
0.24517722427845,0.0026470588235294116,0.06053921568627452
0.24400694668293,0.0026666666666666666,0.06053921568627452
0.24356473982334137,0.0026666666666666666,0.06029411764705883
0.24200287461280823,0.002696078431372549,0.06029411764705883
0.2409348040819168,0.002696078431372549,0.05980392156862746
0.24056075513362885,0.002700980392156863,0.05980392156862746
0.24031755328178406,0.002700980392156863,0.059558823529411775
0.23910890519618988,0.0027107843137254904,0.059558823529411775
0.2388431280851364,0.0027107843137254904,0.05931372549019609
0.2355649769306183,0.002754901960784314,0.05931372549019609
0.23390278220176697,0.002754901960784314,0.05882352941176472
0.23312179744243622,0.0027647058823529413,0.05882352941176472
0.23187187314033508,0.0027647058823529413,0.05833333333333335
0.23041607439517975,0.002803921568627451,0.05833333333333335
0.2292313128709793,0.002803921568627451,0.05808823529411766
0.2287011295557022,0.0028137254901960786,0.05808823529411766
0.22867190837860107,0.0028137254901960786,0.05784313725490198
0.22806546092033386,0.0028333333333333335,0.05784313725490198
0.22802460193634033,0.0028333333333333335,0.05759803921568629
0.2278120368719101,0.002838235294117647,0.05759803921568629
0.22734549641609192,0.002838235294117647,0.057352941176470607
0.22471345961093903,0.0029068627450980393,0.057352941176470607
0.22403404116630554,0.0029068627450980393,0.05710784313725492
0.2214321345090866,0.0029558823529411767,0.05710784313725492
0.2212248593568802,0.0029558823529411767,0.056862745098039236
0.22039341926574707,0.0029901960784313726,0.056862745098039236
0.220193549990654,0.0029901960784313726,0.05661764705882355
0.21902145445346832,0.003014705882352941,0.05661764705882355
0.21889746189117432,0.003014705882352941,0.056372549019607865
0.21761828660964966,0.0030490196078431374,0.056372549019607865
0.21700641512870789,0.0030490196078431374,0.05612745098039218
0.215962752699852,0.0030686274509803923,0.05612745098039218
0.21588581800460815,0.0030686274509803923,0.055882352941176494
0.215835303068161,0.003073529411764706,0.055882352941176494
0.21531666815280914,0.003073529411764706,0.05539215686274512
0.21406513452529907,0.0030980392156862743,0.05539215686274512
0.2132873833179474,0.0030980392156862743,0.05490196078431375
0.20956838130950928,0.0031470588235294117,0.05490196078431375
0.2088041603565216,0.0031470588235294117,0.05465686274509807
0.20870745182037354,0.0031519607843137256,0.05465686274509807
0.20867149531841278,0.0031519607843137256,0.05441176470588238
0.20759627223014832,0.003176470588235294,0.05441176470588238
0.20706316828727722,0.003176470588235294,0.054166666666666696
0.20521964132785797,0.0032058823529411765,0.054166666666666696
0.2051188051700592,0.0032058823529411765,0.05392156862745101
0.20503468811511993,0.0032107843137254904,0.05392156862745101
0.20498473942279816,0.0032107843137254904,0.053676470588235325
0.20475012063980103,0.003235294117647059,0.053676470588235325
0.20461337268352509,0.003235294117647059,0.05343137254901964
0.2043987661600113,0.0032401960784313724,0.05343137254901964
0.20372441411018372,0.0032401960784313724,0.053186274509803955
0.19850654900074005,0.0033480392156862745,0.053186274509803955
0.19842152297496796,0.0033480392156862745,0.05294117647058827
0.19723354279994965,0.0033676470588235295,0.05294117647058827
0.19708815217018127,0.0033676470588235295,0.0524509803921569
0.19663657248020172,0.003377450980392157,0.0524509803921569
0.1964772492647171,0.003377450980392157,0.05220588235294121
0.19503512978553772,0.003411764705882353,0.05220588235294121
0.19496659934520721,0.003411764705882353,0.05196078431372553
0.19462455809116364,0.0034264705882352943,0.05196078431372553
0.19446498155593872,0.0034264705882352943,0.05171568627450984
0.19432762265205383,0.0034362745098039217,0.05171568627450984
0.19390912353992462,0.0034362745098039217,0.05147058823529416
0.1923876255750656,0.00346078431372549,0.05147058823529416
0.19224940240383148,0.00346078431372549,0.05122549019607847
0.1920909881591797,0.0034656862745098037,0.05122549019607847
0.19197000563144684,0.0034656862745098037,0.050980392156862786
0.19049902260303497,0.0035098039215686275,0.050980392156862786
0.19042401015758514,0.0035098039215686275,0.0507352941176471
0.18847453594207764,0.0035441176470588235,0.0507352941176471
0.18805254995822906,0.0035441176470588235,0.05024509803921573
0.18628495931625366,0.003588235294117647,0.05024509803921573
0.18615597486495972,0.003588235294117647,0.050000000000000044
0.1853320598602295,0.0036176470588235293,0.050000000000000044
0.18492387235164642,0.0036176470588235293,0.049509803921568674
0.18481703102588654,0.0036274509803921567,0.049509803921568674
0.18476755917072296,0.0036274509803921567,0.04926470588235299
0.1810804009437561,0.0037205882352941175,0.04926470588235299
0.18082821369171143,0.0037205882352941175,0.0490196078431373
0.18029622733592987,0.003730392156862745,0.0490196078431373
0.18017007410526276,0.003730392156862745,0.04877450980392162
0.1784038245677948,0.0037647058823529413,0.04877450980392162
0.1783130168914795,0.0037647058823529413,0.04852941176470593
0.17776095867156982,0.0037794117647058823,0.04852941176470593
0.17736957967281342,0.0037794117647058823,0.04828431372549025
0.17686745524406433,0.0037892156862745097,0.04828431372549025
0.17676983773708344,0.0037892156862745097,0.047794117647058876
0.17665168642997742,0.0037941176470588237,0.047794117647058876
0.17662614583969116,0.0037941176470588237,0.04754901960784319
0.1748191863298416,0.003838235294117647,0.04754901960784319
0.1747974008321762,0.003838235294117647,0.047303921568627505
0.17253150045871735,0.003892156862745098,0.047303921568627505
0.17227858304977417,0.003892156862745098,0.04705882352941182
0.1677238941192627,0.004014705882352941,0.04705882352941182
0.16756731271743774,0.004014705882352941,0.04681372549019602
0.16274678707122803,0.0041715686274509806,0.04681372549019602
0.162643700838089,0.0041715686274509806,0.04656862745098034
0.1602998822927475,0.004225490196078431,0.04656862745098034
0.16026170551776886,0.004225490196078431,0.04632352941176465
0.15749295055866241,0.004294117647058823,0.04632352941176465
0.1570628434419632,0.004294117647058823,0.04607843137254897
0.15682543814182281,0.004313725490196078,0.04607843137254897
0.15656620264053345,0.004313725490196078,0.04583333333333328
0.1550980508327484,0.004367647058823529,0.04583333333333328
0.15502548217773438,0.004367647058823529,0.045588235294117596
0.15422672033309937,0.004392156862745098,0.045588235294117596
0.15421746671199799,0.004392156862745098,0.04534313725490191
0.15130841732025146,0.004446078431372549,0.04534313725490191
0.15123476088047028,0.004446078431372549,0.045098039215686225
0.15107902884483337,0.004450980392156863,0.045098039215686225
0.15088015794754028,0.004450980392156863,0.04485294117647054
0.1495344489812851,0.0045,0.04485294117647054
0.14929695427417755,0.0045,0.044607843137254855
0.1463330239057541,0.004588235294117647,0.044607843137254855
0.14615879952907562,0.004588235294117647,0.04436274509803917
0.14570845663547516,0.004602941176470588,0.04436274509803917
0.1455315798521042,0.004602941176470588,0.044117647058823484
0.1446913182735443,0.004637254901960784,0.044117647058823484
0.14467443525791168,0.004637254901960784,0.0438725490196078
0.14395153522491455,0.004647058823529412,0.0438725490196078
0.14364418387413025,0.004647058823529412,0.04362745098039211
0.14325855672359467,0.004661764705882353,0.04362745098039211
0.1432379186153412,0.004661764705882353,0.04338235294117643
0.14287321269512177,0.004676470588235294,0.04338235294117643
0.14285728335380554,0.004676470588235294,0.04313725490196074
0.1427912414073944,0.004681372549019608,0.04313725490196074
0.14267145097255707,0.004681372549019608,0.04289215686274506
0.14193850755691528,0.004705882352941176,0.04289215686274506
0.1418735831975937,0.004705882352941176,0.04264705882352937
0.1417676955461502,0.004715686274509804,0.04264705882352937
0.1417367309331894,0.004715686274509804,0.042401960784313686
0.14172501862049103,0.004720588235294118,0.042401960784313686
0.14144256711006165,0.004720588235294118,0.042156862745098
0.14124296605587006,0.004725490196078431,0.042156862745098
0.14093101024627686,0.004725490196078431,0.041911764705882315
0.14039893448352814,0.004745098039215686,0.041911764705882315
0.1403554379940033,0.004745098039215686,0.04166666666666663
0.13808882236480713,0.004843137254901961,0.04166666666666663
0.1380658745765686,0.004843137254901961,0.041421568627450944
0.13547775149345398,0.004941176470588235,0.041421568627450944
0.1354335993528366,0.004941176470588235,0.04117647058823526
0.13542047142982483,0.004946078431372549,0.04117647058823526
0.13523106276988983,0.004946078431372549,0.04068627450980389
0.13298021256923676,0.005029411764705882,0.04068627450980389
0.13265034556388855,0.005029411764705882,0.0404411764705882
0.13074254989624023,0.005112745098039216,0.0404411764705882
0.13048142194747925,0.005112745098039216,0.04019607843137252
0.13032738864421844,0.005127450980392157,0.04019607843137252
0.1303160935640335,0.005127450980392157,0.03995098039215683
0.12998530268669128,0.005142156862745098,0.03995098039215683
0.12983645498752594,0.005142156862745098,0.039705882352941146
0.12973937392234802,0.005147058823529412,0.039705882352941146
0.12973514199256897,0.005147058823529412,0.03946078431372546
0.12812070548534393,0.0052058823529411765,0.03946078431372546
0.12811371684074402,0.0052058823529411765,0.039215686274509776
0.1264793574810028,0.005264705882352941,0.039215686274509776
0.1263348013162613,0.005264705882352941,0.03897058823529409
0.12452100217342377,0.005348039215686274,0.03897058823529409
0.12383369356393814,0.005348039215686274,0.038725490196078405
0.12323757261037827,0.005387254901960784,0.038725490196078405
0.12318833917379379,0.005387254901960784,0.03848039215686272
0.1229524239897728,0.005421568627450981,0.03848039215686272
0.12292394042015076,0.005421568627450981,0.038235294117647034
0.12011350691318512,0.0055588235294117645,0.038235294117647034
0.12006193399429321,0.0055588235294117645,0.03799019607843135
0.11963144689798355,0.005583333333333333,0.03799019607843135
0.11919409036636353,0.005583333333333333,0.03774509803921566
0.11566721647977829,0.005754901960784314,0.03774509803921566
0.11557450145483017,0.005754901960784314,0.03749999999999998
0.11543348431587219,0.005759803921568628,0.03749999999999998
0.11540699750185013,0.005759803921568628,0.03725490196078429
0.11354733258485794,0.005838235294117647,0.03725490196078429
0.1135290339589119,0.005838235294117647,0.03700980392156861
0.11278697103261948,0.0058725490196078435,0.03700980392156861
0.11259600520133972,0.0058725490196078435,0.03676470588235292
0.10867831110954285,0.006098039215686275,0.03676470588235292
0.10865612328052521,0.006098039215686275,0.036519607843137236
0.10638241469860077,0.0062254901960784315,0.036519607843137236
0.10633556544780731,0.0062254901960784315,0.03627450980392155
0.10294554382562637,0.006357843137254902,0.03627450980392155
0.10287155956029892,0.006357843137254902,0.036029411764705865
0.10147925466299057,0.006465686274509804,0.036029411764705865
0.10145223140716553,0.006465686274509804,0.03578431372549018
0.10106804221868515,0.006490196078431373,0.03578431372549018
0.1010110154747963,0.006490196078431373,0.035539215686274495
0.10072089731693268,0.006504901960784314,0.035539215686274495
0.10038387030363083,0.006504901960784314,0.03529411764705881
0.10013426840305328,0.0065147058823529416,0.03529411764705881
0.1000841036438942,0.0065147058823529416,0.035049019607843124
0.09918295592069626,0.006583333333333333,0.035049019607843124
0.09911102801561356,0.006583333333333333,0.03480392156862744
0.09714435040950775,0.00667156862745098,0.03480392156862744
0.09710755944252014,0.00667156862745098,0.03455882352941175
0.09641173481941223,0.00671078431372549,0.03455882352941175
0.09609948098659515,0.00671078431372549,0.03431372549019607
0.09600508958101273,0.006730392156862745,0.03431372549019607
0.09597047418355942,0.006730392156862745,0.03406862745098038
0.09402760863304138,0.006862745098039216,0.03406862745098038
0.09398674219846725,0.006862745098039216,0.0338235294117647
0.09040416777133942,0.007053921568627451,0.0338235294117647
0.09037566930055618,0.007053921568627451,0.03357843137254901
0.0903288945555687,0.007058823529411765,0.03357843137254901
0.09024450182914734,0.007058823529411765,0.033333333333333326
0.0895453616976738,0.007102941176470588,0.033333333333333326
0.08950228244066238,0.007102941176470588,0.03308823529411764
0.0887589156627655,0.007147058823529412,0.03308823529411764
0.08871255815029144,0.007147058823529412,0.032843137254901955
0.08835458755493164,0.007161764705882353,0.032843137254901955
0.08833304047584534,0.007161764705882353,0.03259803921568627
0.0873182937502861,0.007259803921568627,0.03259803921568627
0.08716792613267899,0.007259803921568627,0.0321078431372549
0.08700163662433624,0.007284313725490196,0.0321078431372549
0.08694116026163101,0.007284313725490196,0.03161764705882353
0.08627446740865707,0.007338235294117647,0.03161764705882353
0.08625155687332153,0.007338235294117647,0.03137254901960784
0.08580195903778076,0.007377450980392157,0.03137254901960784
0.08577175438404083,0.007377450980392157,0.031127450980392157
0.08142407983541489,0.007647058823529412,0.031127450980392157
0.08140036463737488,0.007647058823529412,0.030882352941176472
0.08014372736215591,0.007774509803921569,0.030882352941176472
0.08006099611520767,0.007774509803921569,0.030637254901960786
0.0798744484782219,0.007794117647058824,0.030637254901960786
0.0798058956861496,0.007794117647058824,0.0303921568627451
0.07940856367349625,0.007813725490196079,0.0303921568627451
0.07938113063573837,0.007813725490196079,0.030147058823529416
0.07881680130958557,0.007862745098039216,0.030147058823529416
0.0787709504365921,0.007862745098039216,0.02990196078431373
0.07840167731046677,0.007901960784313726,0.02990196078431373
0.07831411063671112,0.007901960784313726,0.02941176470588236
0.07811800390481949,0.007926470588235294,0.02941176470588236
0.0780826210975647,0.007926470588235294,0.029166666666666674
0.0764821246266365,0.008083333333333333,0.029166666666666674
0.07644782960414886,0.008083333333333333,0.02892156862745099
0.07622605562210083,0.008107843137254902,0.02892156862745099
0.07615027576684952,0.008107843137254902,0.028431372549019618
0.0759640634059906,0.008127450980392158,0.028431372549019618
0.07582665979862213,0.008127450980392158,0.028186274509803932
0.0751912072300911,0.00817156862745098,0.028186274509803932
0.0751151368021965,0.00817156862745098,0.027941176470588247
0.07461551576852798,0.008200980392156863,0.027941176470588247
0.07447344064712524,0.008200980392156863,0.02769607843137256
0.07434820383787155,0.00821078431372549,0.02769607843137256
0.07426600903272629,0.00821078431372549,0.027450980392156876
0.07251887768507004,0.008372549019607843,0.027450980392156876
0.07251840084791183,0.008372549019607843,0.02720588235294119
0.07221988588571548,0.008426470588235294,0.02720588235294119
0.07221589982509613,0.008426470588235294,0.026960784313725505
0.06799671053886414,0.008882352941176471,0.026960784313725505
0.0679953545331955,0.008882352941176471,0.02671568627450982
0.06778929382562637,0.008906862745098039,0.02671568627450982
0.0677550882101059,0.008906862745098039,0.026470588235294135
0.06595566868782043,0.009151960784313726,0.026470588235294135
0.06592688709497452,0.009151960784313726,0.02622549019607845
0.061629585921764374,0.009637254901960783,0.02622549019607845
0.061617620289325714,0.009637254901960783,0.025980392156862764
0.060250211507081985,0.009808823529411764,0.025980392156862764
0.06022565811872482,0.009808823529411764,0.02573529411764708
0.05949084088206291,0.009897058823529412,0.02573529411764708
0.05948074162006378,0.009897058823529412,0.025490196078431393
0.0591207854449749,0.009955882352941177,0.025490196078431393
0.059063225984573364,0.009955882352941177,0.025245098039215708
0.05838029086589813,0.010053921568627451,0.025245098039215708
0.058306023478507996,0.010053921568627451,0.025000000000000022
0.056908585131168365,0.010200980392156863,0.025000000000000022
0.056890279054641724,0.010200980392156863,0.024754901960784337
0.0561385415494442,0.01027450980392157,0.024754901960784337
0.05613374710083008,0.01027450980392157,0.02450980392156865
0.05612186715006828,0.010279411764705882,0.02450980392156865
0.0561218336224556,0.010279411764705882,0.024264705882352966
0.055573996156454086,0.010387254901960784,0.024264705882352966
0.05555274710059166,0.010387254901960784,0.02401960784313728
0.054569061845541,0.010514705882352942,0.02401960784313728
0.054567672312259674,0.010514705882352942,0.023774509803921595
0.05429532751441002,0.010544117647058824,0.023774509803921595
0.05427689477801323,0.010544117647058824,0.02352941176470591
0.05027056112885475,0.011117647058823529,0.02352941176470591
0.05026029422879219,0.011117647058823529,0.023284313725490224
0.0464375875890255,0.011818627450980392,0.023284313725490224
0.046423301100730896,0.011818627450980392,0.02303921568627454
0.04421938210725784,0.012191176470588235,0.02303921568627454
0.04420420154929161,0.012191176470588235,0.022794117647058854
0.04396798089146614,0.012245098039215686,0.022794117647058854
0.04393793269991875,0.012245098039215686,0.022549019607843168
0.0439341738820076,0.012254901960784314,0.022549019607843168
0.04392475634813309,0.012254901960784314,0.022303921568627483
0.041723400354385376,0.012725490196078432,0.022303921568627483
0.041697099804878235,0.012725490196078432,0.022058823529411797
0.04127461835741997,0.012794117647058824,0.022058823529411797
0.04124872386455536,0.012794117647058824,0.021813725490196112
0.03986155614256859,0.01322549019607843,0.021813725490196112
0.03985084965825081,0.01322549019607843,0.021568627450980427
0.03904097154736519,0.013416666666666667,0.021568627450980427
0.03903922438621521,0.013416666666666667,0.02132352941176474
0.038974788039922714,0.013426470588235295,0.02132352941176474
0.03894691541790962,0.013426470588235295,0.021078431372549056
0.038612499833106995,0.0135,0.021078431372549056
0.03860980644822121,0.0135,0.02083333333333337
0.037440184503793716,0.013779411764705882,0.02083333333333337
0.03742885962128639,0.013779411764705882,0.020588235294117685
0.037196796387434006,0.013862745098039215,0.020588235294117685
0.037195317447185516,0.013862745098039215,0.020343137254902
0.03605303168296814,0.014191176470588235,0.020343137254902
0.03600970655679703,0.014191176470588235,0.020098039215686314
0.03555744141340256,0.014357843137254902,0.020098039215686314
0.035530753433704376,0.014357843137254902,0.01985294117647063
0.03415832668542862,0.014745098039215686,0.01985294117647063
0.034155186265707016,0.014745098039215686,0.019607843137254943
0.03369922190904617,0.01492156862745098,0.019607843137254943
0.033683422952890396,0.01492156862745098,0.019362745098039258
0.03356807678937912,0.014946078431372549,0.019362745098039258
0.03356277570128441,0.014946078431372549,0.019117647058823573
0.033248547464609146,0.015034313725490196,0.019117647058823573
0.03324850648641586,0.015034313725490196,0.018872549019607887
0.03201618790626526,0.015372549019607842,0.018872549019607887
0.031997472047805786,0.015372549019607842,0.0186274509803922
0.031550996005535126,0.015563725490196079,0.0186274509803922
0.03154946118593216,0.015563725490196079,0.018382352941176516
0.029765289276838303,0.016181372549019607,0.018382352941176516
0.029758159071207047,0.016181372549019607,0.01813725490196083
0.029245583340525627,0.016323529411764705,0.01813725490196083
0.029219483956694603,0.016323529411764705,0.017892156862745145
0.028985418379306793,0.016416666666666666,0.017892156862745145
0.028981732204556465,0.016416666666666666,0.01764705882352946
0.028807176277041435,0.01649019607843137,0.01764705882352946
0.028781311586499214,0.01649019607843137,0.017401960784313775
0.027948707342147827,0.016887254901960785,0.017401960784313775
0.02794834040105343,0.016887254901960785,0.01715686274509809
0.027535224333405495,0.017127450980392155,0.01715686274509809
0.027524368837475777,0.017127450980392155,0.016911764705882404
0.027366196736693382,0.017191176470588234,0.016911764705882404
0.027343444526195526,0.017191176470588234,0.01666666666666672
0.027195479720830917,0.017269607843137254,0.01666666666666672
0.02717033587396145,0.017269607843137254,0.016421568627451033
0.02691628597676754,0.017357843137254903,0.016421568627451033
0.026906870305538177,0.017357843137254903,0.016176470588235348
0.02572704292833805,0.01793137254901961,0.016176470588235348
0.025721468031406403,0.01793137254901961,0.015931372549019662
0.02515108697116375,0.018166666666666668,0.015931372549019662
0.025134945288300514,0.018166666666666668,0.015686274509803977
0.02508542500436306,0.01821078431372549,0.015686274509803977
0.025080695748329163,0.01821078431372549,0.01544117647058818
0.023742610588669777,0.01877450980392157,0.01544117647058818
0.023740176111459732,0.01877450980392157,0.015196078431372495
0.02340885065495968,0.018990196078431373,0.015196078431372495
0.023408085107803345,0.018990196078431373,0.01495098039215681
0.023187831044197083,0.019073529411764704,0.01495098039215681
0.023167477920651436,0.019073529411764704,0.014705882352941124
0.0224787425249815,0.019470588235294118,0.014705882352941124
0.022478265687823296,0.019470588235294118,0.014460784313725439
0.022451777011156082,0.0195,0.014460784313725439
0.02244529500603676,0.0195,0.014215686274509753
0.022388288751244545,0.019539215686274508,0.014215686274509753
0.02238740213215351,0.019539215686274508,0.013970588235294068
0.021129639819264412,0.02044607843137255,0.013970588235294068
0.021107103675603867,0.02044607843137255,0.013725490196078383
0.020531076937913895,0.020848039215686273,0.013725490196078383
0.020529642701148987,0.020848039215686273,0.013480392156862697
0.020224232226610184,0.021073529411764706,0.013480392156862697
0.020217088982462883,0.021073529411764706,0.013235294117647012
0.019177323207259178,0.021799019607843136,0.013235294117647012
0.019175849854946136,0.021799019607843136,0.012990196078431326
0.01916198991239071,0.021818627450980392,0.012990196078431326
0.019153162837028503,0.021818627450980392,0.012745098039215641
0.018807703629136086,0.02212254901960784,0.012745098039215641
0.018807601183652878,0.02212254901960784,0.012499999999999956
0.017755964770913124,0.02283823529411765,0.012499999999999956
0.017722083255648613,0.02283823529411765,0.01225490196078427
0.01660298928618431,0.023887254901960784,0.01225490196078427
0.016592156141996384,0.023887254901960784,0.012009803921568585
0.016279645264148712,0.024230392156862745,0.012009803921568585
0.016279222443699837,0.024230392156862745,0.0117647058823529
0.015386125072836876,0.025142156862745096,0.0117647058823529
0.015384247526526451,0.025142156862745096,0.011519607843137214
0.015285431407392025,0.025235294117647057,0.011519607843137214
0.015283865854144096,0.025235294117647057,0.011274509803921529
0.015058702789247036,0.025485294117647057,0.011274509803921529
0.0150471655651927,0.025485294117647057,0.011029411764705843
0.014797486364841461,0.025705882352941176,0.011029411764705843
0.014793021604418755,0.025705882352941176,0.010784313725490158
0.014761784113943577,0.025754901960784313,0.010784313725490158
0.014756524004042149,0.025754901960784313,0.010539215686274472
0.014429501257836819,0.026147058823529412,0.010539215686274472
0.014415813609957695,0.026147058823529412,0.010294117647058787
0.013258188962936401,0.027661764705882354,0.010294117647058787
0.013257725164294243,0.027661764705882354,0.010049019607843102
0.013165425509214401,0.027808823529411764,0.010049019607843102
0.013163665309548378,0.027808823529411764,0.009803921568627416
0.013162178918719292,0.02781862745098039,0.009803921568627416
0.013145520351827145,0.02781862745098039,0.00955882352941173
0.012542183510959148,0.028607843137254903,0.00955882352941173
0.01254160888493061,0.028607843137254903,0.009313725490196045
0.010419555939733982,0.03199019607843137,0.009313725490196045
0.010415634140372276,0.03199019607843137,0.00906862745098036
0.009838001802563667,0.03309313725490196,0.00906862745098036
0.009832772426307201,0.03309313725490196,0.008823529411764675
0.009374820627272129,0.03399509803921569,0.008823529411764675
0.009374674409627914,0.03399509803921569,0.008578431372548989
0.00911691877990961,0.03453431372549019,0.008578431372548989
0.009115040302276611,0.03453431372549019,0.008333333333333304
0.007884432561695576,0.03770588235294118,0.008333333333333304
0.007884394377470016,0.03770588235294118,0.008088235294117618
0.007013693451881409,0.040215686274509804,0.008088235294117618
0.007010734640061855,0.040215686274509804,0.007843137254901933
0.00618439307436347,0.042926470588235295,0.007843137254901933
0.006182878278195858,0.042926470588235295,0.0075980392156862475
0.0059858583845198154,0.04359313725490196,0.0075980392156862475
0.00598536292091012,0.04359313725490196,0.007352941176470562
0.005651229992508888,0.04500980392156863,0.007352941176470562
0.0056487624533474445,0.04500980392156863,0.007107843137254877
0.005452523473650217,0.045877450980392157,0.007107843137254877
0.00545202661305666,0.045877450980392157,0.006862745098039191
0.005422855261713266,0.045950980392156865,0.006862745098039191
0.005420750007033348,0.045950980392156865,0.006617647058823506
0.005175909958779812,0.04712745098039216,0.006617647058823506
0.005174603313207626,0.04712745098039216,0.0063725490196078205
0.0051297652535140514,0.04736274509803921,0.0063725490196078205
0.005129528697580099,0.04736274509803921,0.006127450980392135
0.005042383912950754,0.04783823529411765,0.006127450980392135
0.005041453056037426,0.04783823529411765,0.00588235294117645
0.004762886092066765,0.04939705882352941,0.00588235294117645
0.0047611272893846035,0.04939705882352941,0.005637254901960764
0.004226798191666603,0.052700980392156864,0.005637254901960764
0.004221952520310879,0.052700980392156864,0.005392156862745079
0.0035610960330814123,0.05743137254901961,0.005392156862745079
0.003559206146746874,0.05743137254901961,0.0051470588235293935
0.00345339672639966,0.058313725490196075,0.0051470588235293935
0.0034526053350418806,0.058313725490196075,0.004901960784313708
0.003435412421822548,0.05845098039215686,0.004901960784313708
0.003434690646827221,0.05845098039215686,0.004656862745098023
0.0033792725298553705,0.058916666666666666,0.004656862745098023
0.003379126312211156,0.058926470588235295,0.004656862745098023
0.0032057410571724176,0.06036764705882353,0.004656862745098023
0.003205287968739867,0.06036764705882353,0.004411764705882337
0.0031634292099624872,0.06073529411764706,0.004411764705882337
0.0031630026642233133,0.06073529411764706,0.004166666666666652
0.002688951790332794,0.0658970588235294,0.004166666666666652
0.0026888775173574686,0.0658970588235294,0.0039215686274509665
0.0026404608506709337,0.06639215686274509,0.0039215686274509665
0.0026404475793242455,0.06639215686274509,0.003676470588235281
0.0025947706308215857,0.0670343137254902,0.003676470588235281
0.0025945836678147316,0.0670343137254902,0.0034313725490195957
0.0024890119675546885,0.06859313725490196,0.0034313725490195957
0.0024885106831789017,0.06859313725490196,0.0031862745098039102
0.002374956151470542,0.07020098039215686,0.0031862745098039102
0.002374939387664199,0.07021078431372549,0.0031862745098039102
0.002343753818422556,0.07062745098039215,0.0031862745098039102
0.0023434963077306747,0.07063725490196078,0.0031862745098039102
0.002229644451290369,0.07219607843137255,0.0031862745098039102
0.002229602774605155,0.07219607843137255,0.002941176470588225
0.002222243696451187,0.07229901960784314,0.002941176470588225
0.0022222029510885477,0.07229901960784314,0.0026960784313725394
0.002209312980994582,0.07252941176470588,0.0026960784313725394
0.0022088077384978533,0.07253921568627451,0.0026960784313725394
0.0019807168282568455,0.07626960784313726,0.0026960784313725394
0.0019806260243058205,0.07626960784313726,0.002450980392156854
0.0017019114457070827,0.0816078431372549,0.002450980392156854
0.0017018584767356515,0.08161764705882353,0.002450980392156854
0.001538155134767294,0.08554411764705883,0.002450980392156854
0.0015379743417724967,0.08554411764705883,0.0022058823529411686
0.0015286989510059357,0.08575980392156862,0.0022058823529411686
0.0015284504042938352,0.08575980392156862,0.0019607843137254832
0.0014333173166960478,0.0881764705882353,0.0019607843137254832
0.0014332483988255262,0.0881764705882353,0.0017156862745097978
0.001426285714842379,0.08837745098039215,0.0017156862745097978
0.0014260835014283657,0.08837745098039215,0.0014705882352941124
0.0013267010217532516,0.09126470588235294,0.0014705882352941124
0.0013266572495922446,0.09127450980392157,0.0014705882352941124
0.0012642128858715296,0.09320098039215687,0.0014705882352941124
0.0012636602623388171,0.0932107843137255,0.0014705882352941124
0.0008744049700908363,0.10891176470588235,0.0014705882352941124
0.0008744020015001297,0.10892156862745098,0.0014705882352941124
0.0008628229261375964,0.10945098039215687,0.0014705882352941124
0.0008627854404039681,0.1094607843137255,0.0014705882352941124
0.0008282361668534577,0.11143627450980392,0.0014705882352941124
0.0008280804031528533,0.11143627450980392,0.001225490196078427
0.0007889081607572734,0.11380882352941177,0.001225490196078427
0.0007887513493187726,0.1138186274509804,0.001225490196078427
0.0007877464522607625,0.11391666666666667,0.001225490196078427
0.0007876597810536623,0.11391666666666667,0.0009803921568627416
0.0006296580540947616,0.12484313725490197,0.0009803921568627416
0.0006296197534538805,0.12485294117647058,0.0009803921568627416
0.0006217242917045951,0.125578431372549,0.0009803921568627416
0.0006217025802470744,0.12558823529411764,0.0009803921568627416
0.0005294906441122293,0.13373529411764706,0.0009803921568627416
0.0005294329021126032,0.13373529411764706,0.0007352941176470562
0.0004930660361424088,0.13733823529411765,0.0007352941176470562
0.0004930303548462689,0.13734803921568628,0.0007352941176470562
0.0003669629222713411,0.15352450980392157,0.0007352941176470562
0.0003668929566629231,0.15352450980392157,0.0004901960784313708
0.0003507955407258123,0.155921568627451,0.0004901960784313708
0.0003507873334456235,0.15593137254901962,0.0004901960784313708
0.00034722028067335486,0.15649509803921569,0.0004901960784313708
0.00034717563539743423,0.15650490196078432,0.0004901960784313708
0.00028858124278485775,0.1670392156862745,0.0004901960784313708
0.00028854492120444775,0.16704901960784313,0.0004901960784313708
0.00027667914400808513,0.1696470588235294,0.0004901960784313708
0.0002766429679468274,0.16965686274509803,0.0004901960784313708
0.00018153461860492826,0.19552450980392158,0.0004901960784313708
0.0001815332507248968,0.19553431372549018,0.0004901960784313708
0.00017512489284854382,0.19768627450980392,0.0004901960784313708
0.0001751100498950109,0.19769607843137255,0.0004901960784313708
0.00013706879690289497,0.21304411764705883,0.0004901960784313708
0.00013703155855182558,0.21305392156862746,0.0004901960784313708
0.00011443536641309038,0.22480882352941176,0.0004901960784313708
0.00011443033872637898,0.22481862745098039,0.0004901960784313708
0.00011197711137356237,0.22626960784313727,0.0004901960784313708
0.00011196995183127001,0.2262794117647059,0.0004901960784313708
0.00010805862984852865,0.22873529411764706,0.0004901960784313708
0.00010805689817061648,0.2287450980392157,0.0004901960784313708
7.105579425115138e-05,0.2578578431372549,0.0004901960784313708
7.105548866093159e-05,0.25786764705882353,0.0004901960784313708
6.970088725211099e-05,0.2592205882352941,0.0004901960784313708
6.970047252252698e-05,0.2592303921568627,0.0004901960784313708
6.892318197060376e-05,0.2599019607843137,0.0004901960784313708
6.892234523547813e-05,0.25991176470588234,0.0004901960784313708
6.749464955646545e-05,0.26138235294117645,0.0004901960784313708
6.749168824171647e-05,0.2613921568627451,0.0004901960784313708
6.627831317018718e-05,0.26279411764705884,0.0004901960784313708
6.627046241192147e-05,0.2628039215686275,0.0004901960784313708
6.557977030752227e-05,0.2634901960784314,0.0004901960784313708
6.557441520271823e-05,0.2635,0.0004901960784313708
6.007543925079517e-05,0.26948039215686276,0.0004901960784313708
6.007538104313426e-05,0.2694901960784314,0.0004901960784313708
5.9800560848088935e-05,0.26979411764705885,0.0004901960784313708
5.978373155812733e-05,0.2698039215686274,0.0004901960784313708
5.8636458561522886e-05,0.27109803921568626,0.0004901960784313708
5.863272599526681e-05,0.2711078431372549,0.0004901960784313708
5.663648698828183e-05,0.2738235294117647,0.0004901960784313708
5.663427145918831e-05,0.2738333333333333,0.0004901960784313708
4.846789670409635e-05,0.2852058823529412,0.0004901960784313708
4.8461733967997134e-05,0.2852156862745098,0.0004901960784313708
4.4769021769752726e-05,0.29098529411764706,0.0004901960784313708
4.476570393308066e-05,0.2909950980392157,0.0004901960784313708
4.370237365947105e-05,0.292671568627451,0.0004901960784313708
4.370007081888616e-05,0.2926813725490196,0.0004901960784313708
4.208758400636725e-05,0.29538725490196077,0.0004901960784313708
4.2080599087057635e-05,0.2953970588235294,0.0004901960784313708
4.163717312621884e-05,0.29600490196078433,0.0004901960784313708
4.16369985032361e-05,0.29601470588235296,0.0004901960784313708
3.672177263069898e-05,0.3054117647058823,0.0004901960784313708
3.671902231872082e-05,0.30542156862745096,0.0004901960784313708
3.6158973671263084e-05,0.30659313725490195,0.0004901960784313708
3.615840614656918e-05,0.3066029411764706,0.0004901960784313708
3.200681385351345e-05,0.3158137254901961,0.0004901960784313708
3.2003179512685165e-05,0.3158235294117647,0.0004901960784313708
3.079594171140343e-05,0.3187990196078431,0.0004901960784313708
3.079324960708618e-05,0.31880882352941176,0.0004901960784313708
3.066530916839838e-05,0.31906372549019607,0.0004901960784313708
3.066514909733087e-05,0.31906372549019607,0.0002450980392156854
3.055236811633222e-05,0.31926960784313724,0.0002450980392156854
3.055050547118299e-05,0.31927941176470587,0.0002450980392156854
2.6384002921986394e-05,0.3301078431372549,0.0002450980392156854
2.6382922442280687e-05,0.3301176470588235,0.0002450980392156854
2.576788938313257e-05,0.332,0.0002450980392156854
2.576684892119374e-05,0.33200980392156865,0.0002450980392156854
2.17075375985587e-05,0.34448039215686277,0.0002450980392156854
2.17068190977443e-05,0.3444901960784314,0.0002450980392156854
2.0218745703459717e-05,0.3496666666666667,0.0002450980392156854
2.0218576537445188e-05,0.3496764705882353,0.0002450980392156854
1.9423958292463794e-05,0.3527401960784314,0.0002450980392156854
1.9423834601184353e-05,0.35275,0.0002450980392156854
1.8917820852948353e-05,0.35487254901960785,0.0002450980392156854
1.8917273337137885e-05,0.3548823529411765,0.0002450980392156854
1.8213044313597493e-05,0.3580049019607843,0.0002450980392156854
1.8211008864454925e-05,0.35801470588235296,0.0002450980392156854
1.5746261851745658e-05,0.36906372549019606,0.0002450980392156854
1.5745952623547055e-05,0.3690735294117647,0.0002450980392156854
1.5588264432153665e-05,0.3698823529411765,0.0002450980392156854
1.5588202586513944e-05,0.3698921568627451,0.0002450980392156854
1.5047799024614505e-05,0.37237254901960787,0.0002450980392156854
1.5047588931338396e-05,0.3723823529411765,0.0002450980392156854
1.4639611435995903e-05,0.3745343137254902,0.0002450980392156854
1.4639252185588703e-05,0.3745441176470588,0.0002450980392156854
1.4334716070152353e-05,0.37612254901960784,0.0002450980392156854
1.4333133549371269e-05,0.3761323529411765,0.0002450980392156854
9.492716344539076e-06,0.40758823529411764,0.0002450980392156854
9.492476237937808e-06,0.40759803921568627,0.0002450980392156854
8.301480193040334e-06,0.41804411764705884,0.0002450980392156854
8.298342436319217e-06,0.4180539215686275,0.0002450980392156854
8.012265425350051e-06,0.42059313725490194,0.0002450980392156854
8.010639248823281e-06,0.42059313725490194,0.0
7.749289579805918e-06,0.4231372549019608,0.0
7.749104952381458e-06,0.42314705882352943,0.0
7.258153345901519e-06,0.42808823529411766,0.0
7.2579314291942865e-06,0.4280980392156863,0.0
7.068743343552342e-06,0.43014705882352944,0.0
7.068344530125614e-06,0.430156862745098,0.0
6.6073916968889534e-06,0.43529411764705883,0.0
6.606926490348997e-06,0.43530392156862746,0.0
5.230228453001473e-06,0.4533235294117647,0.0
5.230132501310436e-06,0.4533333333333333,0.0
4.963647370459512e-06,0.4575637254901961,0.0
4.963023002346745e-06,0.4575735294117647,0.0
4.125060058868257e-06,0.47165686274509805,0.0
4.1243624764319975e-06,0.4716666666666667,0.0
3.6255025861464674e-06,0.4812401960784314,0.0
3.625338194979122e-06,0.48125,0.0
3.371041884747683e-06,0.48678921568627453,0.0
3.3708142836985644e-06,0.48679901960784316,0.0
2.477045654813992e-06,0.5102450980392157,0.0
2.4765688522165874e-06,0.5102549019607843,0.0
2.228830226158607e-06,0.5182009803921569,0.0
2.2286462808551732e-06,0.5182107843137255,0.0
1.9246504052716773e-06,0.5290735294117647,0.0
1.9245919702370884e-06,0.5290833333333333,0.0
1.8375075114818173e-06,0.532671568627451,0.0
1.837343461374985e-06,0.5326813725490196,0.0
1.7856684735306771e-06,0.5348725490196078,0.0
1.7856575595942559e-06,0.5348823529411765,0.0
1.6133094504766632e-06,0.542421568627451,0.0
1.6132081555042532e-06,0.5424313725490196,0.0
1.5899446452749544e-06,0.5433872549019608,0.0
1.589813678037899e-06,0.5433970588235294,0.0
1.5884479580563493e-06,0.5435,0.0
1.588106670169509e-06,0.5435098039215687,0.0
1.4624348523284425e-06,0.5493039215686274,0.0
1.4623519746237434e-06,0.5493137254901961,0.0
1.3240878615761176e-06,0.5566617647058824,0.0
1.3239460940894787e-06,0.5566715686274509,0.0
1.307135789829772e-06,0.5576176470588236,0.0
1.3070796285319375e-06,0.5576274509803921,0.0
1.2137422800151398e-06,0.5629950980392157,0.0
1.2136545137764188e-06,0.5630049019607843,0.0
1.1062760449931375e-06,0.5693725490196079,0.0
1.1062434168707114e-06,0.5693823529411765,0.0
1.0570563517831033e-06,0.5725245098039216,0.0
1.0570026915956987e-06,0.5725343137254902,0.0
1.0008278650275315e-06,0.5764950980392157,0.0
1.000786824079114e-06,0.5765049019607843,0.0
9.145069839178177e-07,0.5829607843137254,0.0
9.144978889708e-07,0.5829705882352941,0.0
7.184260084613925e-07,0.5999705882352941,0.0
7.183918455666571e-07,0.5999803921568627,0.0
6.894831585668726e-07,0.6030392156862745,0.0
6.894453576933302e-07,0.6030490196078432,0.0
6.168481831991812e-07,0.6105588235294117,0.0
6.167421702230058e-07,0.6105686274509804,0.0
5.989281817164738e-07,0.612656862745098,0.0
5.987284339425969e-07,0.6126666666666667,0.0
5.219336003392527e-07,0.6217401960784313,0.0
5.218568617237906e-07,0.62175,0.0
5.188034606362635e-07,0.6221519607843137,0.0
5.187927740735176e-07,0.6221617647058824,0.0
4.0907559650804615e-07,0.6378039215686274,0.0
4.0904137676989194e-07,0.6378137254901961,0.0
4.016827688246849e-07,0.639,0.0
4.0168018244912673e-07,0.6390098039215686,0.0
2.1000120398184663e-07,0.6807892156862745,0.0
2.0998105298986047e-07,0.6807990196078432,0.0
1.4592778541100415e-07,0.7024803921568628,0.0
1.4590088426302827e-07,0.7024901960784313,0.0
1.4112634971752414e-07,0.7044509803921568,0.0
1.4112019641743245e-07,0.7044607843137255,0.0
1.217570542166868e-07,0.7130147058823529,0.0
1.2175615893283975e-07,0.7130245098039215,0.0
1.2090330869796162e-07,0.7133921568627452,0.0
1.2087362222246156e-07,0.7134019607843137,0.0
9.197104589020455e-08,0.7291813725490196,0.0
9.196681816092678e-08,0.7291911764705883,0.0
6.619993797585266e-08,0.7468774509803922,0.0
6.619397652229964e-08,0.7468872549019608,0.0
3.7932693430775544e-08,0.7753235294117647,0.0
3.7925111939784983e-08,0.7753333333333333,0.0
3.487404143243111e-08,0.7793774509803921,0.0
3.487333444240903e-08,0.7793872549019608,0.0
1.514204051034085e-08,0.8173725490196079,0.0
1.514055014695259e-08,0.8173823529411764,0.0
1.4989762320283262e-08,0.8178382352941177,0.0
1.4989744556714868e-08,0.8178480392156863,0.0
1.273181471361795e-08,0.8248088235294118,0.0
1.2729823417600983e-08,0.8248186274509804,0.0
4.609761461438211e-09,0.8630392156862745,0.0
4.609601145233455e-09,0.8630490196078431,0.0
2.1806370043009338e-09,0.8860833333333333,0.0
2.1804149596960087e-09,0.8860931372549019,0.0
1.0404059835877888e-09,0.9057549019607843,0.0
1.0403831129934815e-09,0.9057647058823529,0.0
2.436277568573786e-10,0.9366519607843137,0.0
2.4352153626949757e-10,0.9366617647058824,0.0
1.9723202760365187e-19,1.0,0.0
